frameIndex;frameTime;mfcc[0];mfcc[1];mfcc[2];mfcc[3];mfcc[4];mfcc[5];mfcc[6];mfcc[7];mfcc[8];mfcc[9];mfcc[10];mfcc[11];mfcc[12];mfcc[13];mfcc[14];mfcc[15];mfcc[16];mfcc[17];mfcc[18];mfcc[19];mfcc[20];mfcc[21];mfcc[22];mfcc[23];mfcc[24]
0;0.000000;-8.661849e+001;-3.310680e+001;7.663479e+000;5.255036e+000;9.377173e-001;-9.048885e+000;1.742225e+000;1.662088e+001;-2.660838e+001;1.828705e+001;-2.076989e+000;-5.644648e+000;1.489592e+000;4.737835e+000;-5.143528e+000;2.428705e+000;-2.781378e+000;5.966508e+000;-6.860028e+000;4.169778e+000;-2.193435e+000;3.378163e+000;-3.879731e+000;-4.473040e-001;6.516163e+000
1;0.010000;-6.540519e+001;-1.338325e+001;4.637968e+001;-6.603765e+000;5.775225e+000;1.106212e-001;-1.496773e+001;1.437676e+000;-6.188856e+000;-8.356298e-001;7.585028e+000;-1.736365e+000;5.526149e+000;-7.920408e-002;-4.770482e+000;1.128205e+000;-5.655967e+000;1.094739e-001;2.534533e+000;-1.150990e+000;5.304076e+000;-5.137935e-001;-1.219629e+000;8.777477e-001;-5.263845e+000
2;0.020000;-3.119900e+001;3.010860e+001;-1.979773e+001;-1.038547e+001;1.752446e+001;-1.528964e+001;3.181866e+000;1.008531e+000;9.153428e-001;-8.232758e+000;1.059682e+001;-8.219858e+000;2.436543e+000;-4.182722e-001;2.313759e+000;-6.469788e+000;7.314200e+000;-4.760368e+000;6.153692e-001;5.207886e-001;1.492066e+000;-4.435524e+000;4.502386e+000;-1.560399e+000;-1.766367e+000
3;0.030000;-1.379053e+001;-1.964883e+001;-2.923291e+001;2.264425e+000;-1.217694e+001;2.826144e+000;-2.750759e+000;-5.020600e+000;1.039898e+000;-1.150417e+001;5.761192e+000;-9.164784e+000;1.320902e+001;-2.405220e+000;1.523493e+001;-6.781463e-001;8.309526e+000;-4.050845e+000;-1.928759e+000;-6.754797e+000;-5.837113e+000;-2.331932e+000;-1.503430e+000;3.048354e+000;1.444720e+000
4;0.040000;-4.997346e+001;-2.030413e+000;-4.718232e+001;9.141925e+000;7.671999e-001;2.493937e-001;1.101846e+001;-9.613023e+000;-4.246213e+000;-6.527717e+000;-1.013427e+001;4.212590e+000;1.167401e+000;6.494807e+000;9.253244e+000;2.875421e-001;4.384418e+000;-7.410585e-001;-2.010365e+000;3.179710e+000;-2.887918e+000;-1.366022e-001;-2.922087e+000;-8.170346e+000;-3.166644e+000
5;0.050000;-8.605248e+001;-3.587830e+001;1.022550e+001;1.435022e+001;-2.488465e+001;1.983810e+001;-8.182918e+000;7.417474e-001;-1.616088e+000;6.581566e+000;-8.663898e+000;4.997464e+000;1.223065e+000;-4.691169e+000;3.360848e+000;-1.357665e-002;-1.028666e+000;-1.646525e+000;5.388235e+000;-6.481349e+000;3.998564e+000;-5.865195e-001;-4.271479e-001;-1.518184e+000;3.758248e+000
6;0.060000;-7.740800e+001;-2.493023e+001;-1.119079e+001;3.763888e+001;-1.724800e+001;2.006291e+000;5.463799e+000;3.558364e+000;-2.663577e-002;-8.781394e+000;9.844629e+000;-5.005757e+000;-4.281373e+000;-2.468224e+000;-1.423909e+000;-9.278722e-001;-1.093339e+001;1.414055e+000;-3.551751e+000;-4.911314e+000;-4.516233e+000;-2.818100e+000;2.061263e+000;-8.025931e+000;6.195660e-001
7;0.070000;-8.834617e+001;-3.068655e+001;3.998678e-001;2.333794e+001;-2.617894e+001;1.320521e+001;-6.132323e-001;-1.327389e+000;-3.716263e+000;5.534159e+000;5.388280e-002;-7.519334e+000;9.344369e+000;-4.881010e+000;2.143093e-001;-3.186201e-001;3.463091e+000;-4.147717e+000;2.460373e-001;4.548512e+000;-5.540495e+000;2.754227e+000;-5.196801e-001;1.777746e+000;-4.411500e+000
8;0.080000;-6.028190e+001;-2.038530e+001;-6.666829e+000;8.094009e+000;-1.909455e+001;6.475744e+000;3.864941e+000;-2.057657e+001;1.416166e+001;-3.516487e+000;4.684660e-002;-2.376536e+001;1.406648e+001;6.647657e+000;3.196883e+000;-1.184539e+000;5.090887e+000;9.364927e+000;1.051162e+001;-3.284385e+000;-1.087945e+001;-1.579933e+001;1.040954e+000;-7.553475e+000;6.161841e+000
9;0.090000;-1.443378e+001;-9.134900e+000;-9.109188e+000;2.790282e+000;-2.585092e+001;1.905450e+001;-1.743950e+000;-8.485612e-001;-1.509087e+001;1.002320e+001;-6.777779e+000;-1.316736e+001;-9.643194e+000;1.039513e+000;-4.481116e+000;-1.073304e+001;6.456046e+000;5.139627e+000;3.799855e+000;-5.914346e+000;5.272737e+000;-5.743876e+000;-5.745572e+000;-9.394985e+000;-1.865660e+000
10;0.100000;-9.889617e+001;-1.171612e+001;9.961616e+000;1.984929e+001;-1.704357e+001;2.167611e+001;-4.208914e+000;-5.112157e+000;1.166420e+001;-1.146550e+001;2.705603e+000;-8.061954e-001;-3.640541e+000;-2.564192e-001;1.478758e+000;7.644354e-001;-1.581814e-001;9.157995e+000;-1.142099e+000;7.498262e+000;7.901698e+000;4.625552e-002;9.994496e+000;1.893363e+000;2.375444e+000
11;0.110000;-7.934756e+001;-3.955961e+001;3.322122e+001;-7.091896e+000;4.770026e-001;1.470970e+001;-5.911597e+000;7.508810e+000;6.542037e+000;-2.602760e+000;8.395536e+000;2.412360e+000;-9.116583e-002;7.647376e+000;-2.808320e-001;2.147286e+000;5.659083e+000;-1.682792e+000;3.798537e+000;2.864850e+000;-1.748967e+000;4.269249e+000;1.806233e-001;-1.150955e+000;3.801033e+000
12;0.120000;-6.160791e+001;1.363352e+001;1.760290e+001;-2.470498e+001;3.370191e-001;-1.206167e+000;-5.027183e+000;9.690572e+000;-3.775381e+000;1.941038e+001;-1.035716e+001;1.013592e+001;-2.684275e+000;1.116129e+001;-1.939432e-001;1.121698e-001;-1.477492e-001;-4.207787e+000;-7.655687e+000;-1.688660e+000;-1.599235e-001;1.836448e+000;-1.844357e+001;-7.333762e+000;1.772804e+000
13;0.130000;-5.757672e+001;-2.994356e+001;1.341106e+001;-1.272546e+001;2.528380e+001;2.967381e+000;-2.787453e+001;6.069396e+000;6.559056e+000;-6.418741e-001;-4.879660e-001;-1.906407e+000;7.401644e+000;-6.123624e-001;-3.462997e+000;-1.391699e+000;-1.633308e+001;-8.783113e+000;-1.600844e+000;-1.026756e+001;-8.018257e+000;-3.552052e+000;5.161609e+000;5.104994e+000;-3.187129e+000
14;0.140000;-6.440044e+001;1.627774e+001;2.657597e+001;-3.040233e+001;-3.448177e+000;-1.854539e+001;1.013056e+001;-3.803227e+000;-3.425926e+000;-9.418949e+000;-8.539289e+000;2.621775e+000;-4.063030e+000;8.260644e-001;-1.083583e+001;-2.125852e+000;-2.952326e+000;1.940255e+000;-6.707115e-001;-5.866046e+000;-1.860447e+000;-3.716451e+000;4.329163e+000;-2.348249e+000;-7.578653e-001
15;0.150000;-2.667448e+001;1.614792e+001;-2.264026e+001;-4.300114e+000;-1.735003e+000;-1.818223e+000;-1.179522e+001;1.817193e+000;-4.233230e+000;-1.090288e+001;9.182668e-001;9.462522e-001;-1.797746e+001;1.435643e+001;-1.370032e+001;-3.036497e+000;5.891121e+000;-1.209884e+001;4.882740e+000;-5.944726e+000;2.012440e+000;-6.437726e+000;4.957913e+000;-5.161010e+000;1.055102e+000
16;0.160000;-8.062747e+001;-1.333996e+001;3.104114e+001;-1.223595e+001;6.264258e+000;-9.630866e+000;6.439230e+000;-4.141934e+000;-2.351798e+000;2.243042e+000;-1.782288e+001;3.298378e+000;-5.375381e+000;-2.847749e+000;7.851719e+000;-9.799125e+000;-8.083828e+000;-1.071611e+001;-1.317526e+001;-4.616383e+000;6.935455e+000;4.454134e+000;7.311011e+000;9.336182e+000;-7.843012e+000
17;0.170000;1.315014e+001;-3.667100e+000;-1.148594e+001;5.386763e+000;-7.271523e+000;4.884736e+000;-5.672442e+000;4.059076e+000;-5.575657e+000;4.766383e+000;-6.031400e+000;5.421944e+000;-5.513187e+000;4.821627e+000;-4.716305e+000;4.278662e+000;-3.592670e+000;3.564096e+000;-3.539582e+000;2.009578e+000;-2.462544e+000;7.016019e-001;-9.000217e-001;2.598896e-001;3.635892e-001
18;0.180000;-7.469222e+001;-2.016540e+000;1.142103e+001;-2.530778e+001;2.578089e+001;1.325291e+000;3.439583e+000;-1.923480e+001;-3.449133e+000;2.703399e+000;-6.627886e+000;-3.571535e+000;-5.836669e+000;9.888043e+000;-6.823786e+000;-9.232787e+000;-1.521910e+001;-5.707469e+000;-4.977615e-001;-1.299401e+000;5.031415e+000;-3.187179e+000;1.333200e+000;-8.833709e-001;1.457327e+001
19;0.190000;-1.786152e+001;1.064238e+001;9.345763e+000;-2.740355e+001;1.218839e+001;1.928483e+000;-6.432572e+000;-3.889586e-001;4.118796e+000;-6.556760e+000;7.692425e+000;-6.798207e+000;-3.777341e-001;8.572619e+000;-1.075002e+001;6.238664e+000;-4.524194e+000;7.895893e+000;-6.029725e+000;-4.800028e+000;1.482372e+001;-9.651060e+000;-1.468218e+000;3.079370e+000;5.448188e+000
20;0.200000;-7.485571e+001;4.131847e+001;7.160542e+000;-1.453114e+001;-1.128281e+001;2.686181e+000;7.395913e+000;6.968170e-002;-6.524219e+000;-3.673822e+000;3.012542e+000;3.758959e+000;-1.517901e+000;-4.570532e+000;-1.378271e+000;2.743308e+000;1.705569e+000;-2.545684e+000;-3.482253e+000;2.041042e-001;2.996696e+000;9.864758e-001;-2.441627e+000;-1.885547e+000;1.941257e+000
21;0.210000;-5.636889e+001;-3.083774e+001;-4.439647e+000;1.659268e+001;-2.319425e+000;-2.450737e+001;4.640813e+000;2.027769e+000;-9.631538e-001;1.420304e+000;-1.136684e+001;8.095607e+000;-5.852705e+000;-9.898171e+000;1.626650e+001;-3.029737e+000;2.454540e+001;-8.446770e+000;8.862558e+000;-5.745425e+000;-6.073533e+000;-1.216362e+001;-3.067142e+000;-3.805268e-001;5.147025e+000
22;0.220000;-3.224093e+001;-3.988017e-001;-1.250932e+001;-2.161682e+001;-1.899258e+001;-1.194544e+000;5.850344e+000;-1.507427e+001;-8.413206e+000;1.802276e+001;1.639306e+000;-1.675355e+001;2.630315e+001;-1.263725e+001;1.560959e+001;-8.324085e+000;4.582140e+000;2.542770e+000;-2.839253e+000;-8.546475e-001;-3.489036e+000;-1.970239e+000;2.036842e+000;-6.164198e+000;-5.594981e+000
23;0.230000;-1.795837e+001;-4.387952e+000;-8.913251e-001;-1.764664e+001;-1.703125e+001;-1.490869e+001;1.470445e+001;-1.102952e+001;-2.321089e+001;7.845342e+000;7.697750e+000;-1.639799e+001;8.482419e+000;-1.052462e+001;1.499396e+001;-3.351772e+000;-3.311943e+000;1.215664e+001;-9.275194e+000;1.196887e+001;-1.186449e+000;1.576697e+000;-2.780490e+000;1.058750e+001;-1.906426e+000
24;0.240000;-2.611097e+001;7.041719e+000;3.761879e+000;-3.605222e+000;-2.246546e+001;-1.283561e+001;1.544868e+001;-2.244646e+000;-2.457546e+001;5.476305e-001;6.702673e+000;-1.621695e+001;1.211994e+001;-2.321136e+001;1.120514e+001;-1.190563e+001;4.545117e+000;5.118685e-001;-1.286150e+001;-4.097050e-001;6.669353e+000;-3.545972e+000;-5.045635e+000;-5.127658e-001;1.114744e+000
25;0.250000;-3.787875e+001;2.816195e+000;-2.123209e+000;-1.228158e+001;-1.272857e+001;-7.434482e+000;-3.741505e-001;-1.182217e+001;-2.469497e+001;2.713396e+000;1.963882e+001;-1.224605e+001;6.214529e+000;-1.452089e+001;1.602967e+001;-1.972168e+001;1.007240e+001;1.251354e+001;-3.450171e+000;1.170475e+001;1.523981e+000;-1.596674e+001;5.785246e+000;9.932137e+000;-4.191430e-001
26;0.260000;-4.287257e+001;-5.520351e+000;5.161234e-002;-1.639643e+001;-1.625769e+001;-1.620938e+001;-9.081803e-001;-7.654487e+000;2.324937e+000;2.163662e+001;-1.295034e+001;-1.172382e+001;1.039702e+001;1.655336e+001;5.629495e+000;-1.619369e+001;1.425050e+001;-1.807730e+001;1.927392e+001;-3.724700e+000;-1.132954e+001;2.903131e+000;-2.732335e-001;-1.057552e+001;7.109514e+000
27;0.270000;-5.902764e+001;-1.764202e+001;-1.718100e+001;-1.277132e+001;-4.237097e+000;7.082211e+000;1.552728e+001;3.318951e+000;-2.206465e+000;-1.063012e+001;-1.739095e+001;2.558700e+001;-3.189716e+000;-4.431626e+000;-8.047830e+000;2.725624e+001;-1.903363e+001;-3.783232e+000;2.909479e+000;-5.985284e+000;1.356988e+001;-2.737281e+000;-1.944095e+000;3.294272e+000;-9.519723e+000
28;0.280000;-4.122912e+001;-5.948220e+000;-1.418057e+000;7.176663e+000;-8.534178e+000;-1.100224e+001;-2.626070e+001;-1.699306e+001;5.699940e+000;1.411366e+001;-7.647008e+000;-1.151595e+001;3.382222e+000;1.035007e+001;-2.037711e+001;7.678679e+000;1.084912e+001;-4.557769e+000;9.357683e+000;1.074084e+001;-1.781378e+001;1.394786e+001;-1.233956e+001;1.954142e+001;-4.717875e+000
29;0.290000;-4.263412e+001;8.973111e+000;5.940959e+000;1.083521e+001;1.460449e+001;3.216377e-002;-1.110110e+001;-1.513956e+001;-1.328832e+001;1.646733e+001;1.144288e+001;-4.290492e+000;-1.494935e+001;2.002539e+001;-8.564196e-001;-1.716081e+001;8.901588e+000;-2.932321e+000;-1.154098e+001;1.995062e+001;-1.072170e+001;1.745236e+001;-1.580284e+001;1.239375e+000;-3.026999e+000
30;0.300000;-4.804412e+001;-9.191586e-001;-6.039089e+000;2.892236e+001;8.044497e+000;2.106736e+001;-4.179112e+000;-1.120799e+001;-1.319552e+001;9.194363e+000;6.930374e+000;-2.212335e+001;-9.963743e+000;1.514052e+001;4.912460e-001;-5.173447e+000;1.531208e+001;-9.964532e+000;8.836964e+000;-1.595737e+000;-2.450601e+000;1.189969e+001;-2.081443e+001;2.876700e+000;-2.627695e+000
31;0.310000;-3.979561e+001;-2.439421e+000;-5.301145e+000;8.168742e+000;-4.625925e+000;-1.359494e+001;-2.878167e+001;-2.184167e+001;2.060400e+001;-3.869701e+000;-8.349177e-001;-1.351165e+001;1.795045e+001;-1.973669e+001;4.412686e+000;9.021357e+000;-1.116173e+001;1.300868e+001;1.355368e+001;-8.887631e+000;5.456047e+000;-7.056256e+000;8.533246e+000;3.550821e+000;1.330464e+000
32;0.320000;-5.716673e+001;-1.553842e+001;-1.586988e+001;-2.493761e+001;-1.028902e+000;1.914048e+001;1.493254e+001;-1.202195e+001;1.734458e+000;-7.186776e+000;4.934146e+000;-9.719177e+000;-3.239867e+000;2.411527e+001;-1.031768e+001;-6.614477e+000;1.345737e+001;-1.953223e+001;1.156678e+001;-6.915242e+000;6.915708e+000;-3.857733e+000;1.338229e+001;-1.286470e+001;-2.882988e+000
33;0.330000;-4.533321e+001;-7.297264e+000;-5.149182e+000;-2.136593e+001;-1.650391e+001;-1.185061e+001;4.685143e+000;2.745747e+000;-1.021095e+000;8.208027e+000;2.145805e+001;-1.313899e+001;-1.149388e+001;1.423275e+001;8.420666e+000;-1.416283e+001;2.286396e+000;-1.401337e+001;-2.295921e+000;1.118682e+001;6.616538e+000;-1.553052e+001;1.355361e+001;-1.370150e+001;2.344360e+001
34;0.340000;-5.806142e+001;-8.867103e+000;1.823274e+000;-1.836078e+001;-9.333151e+000;-1.532704e+001;-6.150412e+000;-1.015725e+001;2.343794e+001;1.191407e+001;1.233416e+001;-2.376799e+001;2.759320e+000;1.422980e+001;-3.362618e+000;-8.194572e+000;9.949937e-001;9.246351e-002;-1.403646e+001;1.417146e+001;-1.729984e+001;9.248126e+000;1.819971e+001;-1.150711e+001;4.555102e+000
35;0.350000;-4.991139e+001;-2.700742e+001;-6.342313e+000;-2.184254e+001;-4.078918e+000;1.678418e+001;1.949458e-001;1.615478e+001;-2.720212e+000;-2.096586e+001;-5.050284e+000;1.302061e+001;1.062051e+001;-1.990572e+001;1.185285e+001;5.245264e+000;-3.167347e+000;-9.833673e+000;2.361768e+000;-4.856202e+000;1.789219e+001;-1.393937e+001;9.801233e+000;-1.431875e+000;-1.113968e+001
36;0.360000;-5.234369e+001;-4.095680e+000;-2.140176e+000;-2.852644e+000;-1.459569e+001;-2.241866e+001;-1.786171e+001;2.722789e+000;7.378008e+000;1.682753e+001;-8.897326e+000;-1.041457e+001;1.729790e+001;8.277896e+000;-1.910750e+001;1.843308e+001;7.092918e+000;-8.472810e+000;-5.110214e+000;-8.506632e-001;-5.919463e+000;1.467059e+001;-1.800686e+001;1.310095e+001;-1.643760e+001
37;0.370000;-2.494752e+001;-2.271968e+000;1.502538e+001;1.187012e+001;7.765831e+000;-7.780238e+000;-1.145867e+001;-2.010826e+001;1.663178e+001;9.737784e+000;7.504202e-001;-1.607799e+001;8.426191e+000;6.962068e+000;-1.609115e+001;6.106220e-001;1.201957e+001;-1.158721e+001;1.049463e+001;4.978628e+000;-1.798008e+001;9.411818e+000;-1.097564e+001;1.457803e+001;-3.943497e+000
38;0.380000;-2.208962e+001;7.431064e+000;6.247686e+000;3.045347e+000;-8.011508e+000;1.509583e+001;-2.691269e+001;-3.080739e+000;4.442852e+000;2.542738e+001;-1.453703e+001;-8.707012e+000;4.933683e+000;-1.001255e+001;5.619943e+000;1.132264e+001;-5.037277e+000;-4.468029e+000;-8.502086e-001;-8.479341e+000;1.714073e+001;-6.272051e+000;-3.176748e+000;4.147155e+000;-2.239428e+000
39;0.390000;-3.787658e+001;-2.919629e+001;-1.997536e+001;-1.460908e+001;1.340537e+001;-1.177594e+001;2.546959e+001;3.096472e+000;-1.659328e+001;4.031670e+000;-9.323817e+000;8.242559e+000;-7.348536e-001;-5.085456e+000;1.166375e+001;9.725068e-001;-5.944656e+000;-7.520384e+000;2.524498e+000;3.973264e+000;2.655102e+000;-3.322101e+000;-4.022666e-001;9.117565e+000;-9.614877e+000
40;0.400000;-2.734592e+001;6.008533e+000;1.867792e+001;-3.973305e+000;-3.177993e+001;1.610507e+001;7.409707e+000;-8.043379e+000;2.284672e+000;-8.499951e+000;6.437130e+000;-2.549220e+000;1.071572e+001;-1.815956e+001;9.392193e+000;-2.110084e+000;4.417796e+000;-4.830024e+000;1.268795e+000;-3.482181e+000;3.004721e+000;5.088973e+000;-7.343604e+000;-2.164951e-001;2.669640e+000
41;0.410000;-4.530187e+001;-2.109419e+001;-2.234995e+001;-2.769000e+001;2.978496e+001;-7.895173e+000;7.202871e+000;1.154221e+001;-1.315589e+001;-6.224695e-001;-3.530536e+000;1.405501e+000;-2.570212e+000;8.652328e+000;1.988970e+000;-6.341249e+000;5.152846e+000;-7.453010e+000;-1.303479e+000;3.828545e+000;5.119734e-001;2.245295e+000;2.453372e-001;1.673877e+000;-8.036014e+000
42;0.420000;-3.469794e+001;2.314180e+000;1.434012e+001;2.059717e+001;-3.008632e+001;-1.060752e+001;1.284200e+001;-4.061083e+000;9.343964e+000;-1.025884e+001;1.048890e+001;-1.726227e+001;7.252326e+000;2.398608e+000;3.577006e+000;-5.405545e+000;-6.102880e-001;8.563710e-001;-1.190948e+000;-5.577844e-001;7.641994e+000;-6.910872e+000;5.586778e-002;-2.546182e+000;6.522046e+000
43;0.430000;-1.163607e+001;7.548398e+000;-2.250457e+000;-1.938842e+001;9.986767e+000;7.035448e+000;-2.293469e+001;2.012139e+001;-8.442972e+000;-1.410251e+000;7.711182e-001;3.918376e+000;-6.650992e+000;4.565648e+000;-2.830514e+000;5.462643e+000;-8.971071e+000;8.308998e+000;-2.660581e+000;-2.826206e+000;3.375945e+000;1.192161e+000;-5.407272e+000;4.802135e+000;-1.492455e+000
44;0.440000;-4.348209e+001;-2.595438e+001;9.170661e+000;3.126749e+001;1.273193e+001;-1.511086e+001;1.466416e+001;-6.552978e+000;6.270449e+000;-1.465762e+001;-4.984681e+000;7.369460e+000;-1.059577e+001;4.008165e+000;-5.998939e+000;9.711037e+000;1.490267e+000;-3.548797e+000;5.803538e+000;-8.615139e-001;3.493281e+000;-6.908874e+000;-8.732974e-001;1.279503e+000;-2.499866e+000
45;0.450000;-1.895625e+001;7.332561e+000;-1.601455e-002;-1.199157e+001;-1.586281e+001;2.937504e+001;-2.138535e+001;-6.013003e-001;4.898277e+000;3.317510e+000;-1.065881e+001;5.030074e+000;-5.649401e-001;-4.953909e-001;9.136681e-002;-5.289114e+000;7.032752e+000;-2.796197e+000;-3.086492e+000;1.356991e-001;6.956509e+000;-8.926498e+000;3.082555e+000;1.670506e+000;-8.615499e-001
46;0.460000;-6.292559e+001;-2.623508e+001;-2.366259e+001;1.680400e+000;2.720214e+001;-1.103675e+001;-5.749940e+000;6.312140e+000;-1.639028e+001;2.191837e+001;-8.317689e+000;1.600875e+000;-7.117546e+000;5.557720e+000;-3.280007e+000;7.001002e+000;-2.524209e+000;-5.484049e+000;2.147584e+000;2.834270e+000;-2.777062e+000;7.190100e+000;-9.906039e+000;2.707547e+000;1.268098e+000
47;0.470000;-3.878399e+001;-1.710885e+000;1.975408e+001;2.004751e+001;-1.827687e+001;-2.275716e+001;1.851099e+001;-1.477640e+001;1.395908e+001;-3.942201e+000;7.773500e+000;-9.429922e+000;-7.545876e+000;8.738214e+000;-2.981172e+000;2.965488e+000;1.732562e+000;-1.680747e-002;-5.976115e+000;-1.431570e+000;2.499642e+000;5.209471e+000;-5.862532e+000;7.261921e+000;-5.832576e+000
48;0.480000;-2.366516e+001;8.543535e+000;8.650783e+000;-1.482493e+001;-1.738116e+001;2.600451e+001;-6.722069e+000;-1.269212e+001;1.032856e+001;-5.736688e+000;7.538962e+000;-1.024267e+001;5.663310e+000;-5.526788e+000;1.186278e+001;-1.483146e+001;6.246942e+000;1.825269e+000;-1.390169e+000;-2.219304e+000;8.387887e-001;1.112740e+000;5.649689e-001;-6.855385e-001;-4.102104e+000
49;0.490000;-3.788125e+001;-4.324634e+000;-2.330127e+001;-2.436058e+001;-2.574658e+000;8.679967e+000;-2.684179e+001;2.436772e+001;-5.786344e+000;2.193121e+000;6.640946e+000;4.081563e+000;-5.278575e-001;-5.965320e-001;1.026046e+000;-3.451751e+000;-4.922651e+000;-1.155127e+000;2.902353e+000;-1.003190e+001;1.004030e+001;-2.310548e+000;1.070585e+000;3.758975e+000;2.128545e+000
50;0.500000;-5.318588e+001;-1.887201e+001;-2.329117e+001;-1.067539e+001;1.247353e+000;1.263449e+001;-7.130682e+000;2.962955e+001;-2.378487e+001;-7.371768e+000;7.067133e+000;-7.927740e-001;-1.730779e+000;3.437939e+000;1.601019e+000;4.189794e+000;-1.684173e+000;-1.165717e+001;3.631858e+000;1.995232e+000;7.730474e+000;-1.018447e+001;6.753883e+000;3.220191e+000;-7.107676e+000
51;0.510000;-5.582441e+001;-2.307797e+001;-3.148402e+001;1.931540e+000;1.804138e+001;5.295908e+000;-1.159505e+001;1.242805e+001;-2.593099e+001;1.770535e+001;9.283285e-001;-2.310252e+000;4.675343e+000;-8.010168e+000;-8.077553e-001;2.375658e+000;4.292201e+000;-1.773287e+000;1.299567e+000;-5.190238e+000;1.465496e-001;1.184161e+000;6.226743e+000;-6.685511e+000;5.997562e+000
52;0.520000;-5.846103e+001;-2.884175e+001;-1.490075e+001;-7.745640e+000;1.296842e+001;6.099335e+000;6.272961e+000;-8.087299e+000;-1.977949e+001;1.515416e+001;1.369609e+001;-1.480003e+001;1.101044e+000;5.535560e+000;-5.790433e+000;-5.702101e+000;1.432789e+001;-9.112875e+000;1.367395e+001;-2.354960e+001;1.239319e+001;2.418437e+000;-3.371760e+000;4.919650e+000;-5.271936e+000
53;0.530000;-5.265514e+001;-1.041402e+001;-9.417210e+000;-2.025044e+001;-8.342859e+000;-1.616440e+001;5.652511e+000;2.282411e+001;1.090113e+001;-1.355797e+001;-3.364122e+000;1.112426e+001;2.715350e+000;-2.073833e+001;7.942937e+000;-5.778839e+000;-3.181433e+000;1.205349e+001;-3.114730e-001;-2.456728e+000;1.481514e+001;-2.240030e+001;1.729753e+001;-9.291383e+000;1.453306e+000
54;0.540000;-5.782145e+001;-1.209870e+001;-1.247412e+001;-2.204205e+001;-8.474167e+000;-2.093918e-001;1.572206e+001;2.060553e+001;-1.153539e+001;-8.032025e+000;-3.430562e+000;1.511201e+001;-1.806815e+001;-4.013741e+000;1.041189e+001;8.973880e+000;-1.512445e+001;2.296668e+001;-1.770134e+001;-2.694111e+000;6.562657e+000;-7.638093e+000;7.638202e+000;-7.889240e+000;6.012585e+000
55;0.550000;-3.836526e+001;-2.346637e+000;3.372992e+000;1.170973e+001;9.324355e+000;1.270411e+001;-5.548498e+000;-6.055897e+000;-2.530541e+001;-3.280337e+000;1.290235e+001;7.149637e+000;-1.000096e+001;-6.295150e+000;1.474626e+001;3.503165e+000;-1.073622e+001;6.014048e+000;-6.630822e+000;3.251505e+000;-2.306512e+001;2.396217e+001;-7.628966e+000;1.530513e+000;1.272041e+001
56;0.560000;-3.436917e+001;-1.013022e+001;-5.029256e-001;4.273808e+000;9.916640e+000;1.043820e+001;1.215207e+001;2.069741e+001;-7.171271e+000;-3.929482e+000;-2.255798e+001;3.794651e+000;1.132924e+000;1.482282e+001;-2.063890e+001;-9.517609e+000;6.905630e+000;5.338924e+000;-1.281806e+001;-1.070505e+000;1.671941e+001;-1.647236e+000;-1.309968e+000;1.916249e+001;-2.119752e+001
57;0.570000;-5.333134e+001;-9.538676e+000;7.615531e+000;1.070163e+001;-9.604573e+000;-1.313930e+001;-1.134536e+001;-1.493988e+001;-1.845878e+001;-2.677891e+000;1.522483e+001;-4.864026e+000;8.326467e+000;-1.898188e+001;1.227015e+001;-1.932602e-001;7.332946e+000;-1.839816e+001;1.014080e+001;1.681334e+001;-8.345891e+000;1.791376e+001;1.119053e+000;-1.940236e+001;8.952590e+000
58;0.580000;-7.215752e+001;-1.223734e+001;-1.285405e+001;-4.636739e+000;-1.482511e+001;7.194480e+000;2.262824e+000;4.728012e+000;-2.158116e+000;1.578825e+001;2.101984e+000;-1.306994e+001;-2.218249e+001;5.419373e+000;1.464979e+001;8.863174e+000;-3.412297e+000;-2.384275e+000;-2.608697e+000;-5.189791e+000;2.858353e+000;-9.861245e-001;1.723130e+000;-9.815674e+000;2.900311e+001
59;0.590000;-6.664291e+001;-1.243762e+001;-1.160020e+001;6.098966e+000;1.196351e-002;-1.808659e-001;1.031402e+001;1.879107e+001;1.004271e+001;-9.014738e+000;-4.985250e+000;-3.497644e-001;6.742464e+000;1.739151e+001;6.531567e+000;1.407692e+000;-1.691550e+001;1.732717e+001;-5.781169e+000;5.468110e+000;-5.913122e+000;2.617702e+001;-9.207404e+000;-1.825372e+001;1.885738e+001
60;0.600000;-5.003243e+001;-3.198061e+000;1.769130e-001;-1.196274e+001;-6.455341e+000;-5.154127e+000;-6.121017e+000;7.779472e+000;4.737730e+000;2.068119e+001;1.644002e+001;4.911298e+000;-1.965841e+001;1.250126e+001;4.953546e+000;1.543433e+001;-1.117111e+001;-7.479309e+000;-4.496639e+000;1.936767e+001;-1.282668e+001;3.580807e+000;2.310585e+001;-1.676824e+001;8.196727e+000
61;0.610000;-3.569753e+001;8.448408e+000;1.141304e+001;4.752960e+000;1.944356e+000;-5.483423e+000;-1.049450e+001;1.173545e+000;-5.087024e+000;1.154777e+001;2.472368e+000;-9.003759e+000;-1.093885e+001;2.722092e+001;-1.300478e+001;-1.487199e+001;-1.363708e+000;1.639270e+001;-4.410644e+000;1.161195e+001;-1.084177e+001;-9.834515e+000;6.517609e+000;-1.072188e+001;1.997042e+001
62;0.620000;-3.930447e+001;6.019694e-001;4.996357e+000;2.845258e+000;9.971027e+000;-2.152106e+001;-1.724085e+001;-1.524975e+001;1.023582e+001;-1.631289e+000;9.794619e+000;-2.228864e+001;-4.042380e+000;7.324813e+000;-1.167157e+001;-1.261127e+001;7.078243e+000;7.955693e+000;-1.561893e+001;1.467568e+001;-1.535155e+001;-5.585009e+000;3.049294e+000;-1.639101e+000;1.146800e+001
63;0.630000;-4.487678e+001;-8.435175e-001;-6.530610e+000;9.029190e+000;-1.032511e+001;-1.835792e+001;3.689126e+000;2.937597e+001;7.357302e+000;-3.959363e+000;1.139064e+001;-5.270891e+000;1.076897e+001;5.130456e+000;-1.428950e+001;1.698292e+001;-2.284809e+001;-4.859295e-001;-5.689631e+000;6.797777e+000;-4.490767e+000;-1.072752e+000;-5.843170e+000;6.232024e+000;3.521684e+000
64;0.640000;-3.067052e+001;-7.993357e+000;-3.915771e+000;-1.005754e-001;-1.152529e+001;-1.873936e+001;-2.225722e+001;1.697293e+001;5.254722e+000;-1.480481e+001;-4.465507e+000;-2.350511e+000;-7.976349e+000;2.204453e+001;-1.762771e+001;8.297347e+000;6.222961e-001;3.918872e+000;-4.888176e+000;1.005650e+001;2.113209e+000;-7.847173e-001;6.878384e+000;-9.897907e+000;8.392756e+000
65;0.650000;-4.794117e+001;-1.191755e+001;-1.019658e+001;-8.492999e+000;-3.920457e+000;-1.673389e+001;-1.937487e+001;8.274324e+000;1.113896e+001;1.800548e+001;4.174451e-001;-6.447288e+000;-9.661077e+000;2.363125e+001;-1.361079e+001;-3.553595e+000;1.994270e+000;2.481818e+000;-1.974301e+001;1.305742e+001;-3.792332e+000;-2.877787e+000;1.446180e+001;-5.364036e+000;1.306571e+001
66;0.660000;-4.206632e+001;-3.879835e+000;8.485309e+000;9.923959e-001;3.791390e+000;4.904496e+000;-2.500844e+001;-2.071269e+001;-1.051418e+001;8.448823e+000;5.647290e+000;-3.111528e+000;-1.644328e+001;1.169810e+001;-4.744784e+000;-2.709087e+000;-2.314575e+001;2.048396e+001;-1.560596e+001;-3.490614e+000;2.142330e+001;-1.010347e+001;-3.462261e+000;-3.285852e+000;-2.952207e+000
67;0.670000;-4.118930e+001;-4.577497e+000;1.313303e+001;1.381540e+001;1.277452e+001;9.168090e+000;-1.348380e+001;-6.857594e+000;-1.507944e+001;-3.901896e+000;1.101058e+001;7.218439e+000;-2.182220e+001;9.313452e+000;1.353282e+001;1.323778e+001;-2.920445e+001;1.418630e+001;-8.997927e+000;-4.445289e+000;1.056966e+001;-1.268050e+001;5.898081e+000;3.452119e+000;-1.619736e-002
68;0.680000;-3.609516e+001;5.803447e+000;1.113389e+000;2.102867e+001;1.743747e+000;7.476539e+000;-1.423176e+001;-1.795262e+001;-1.148015e+001;1.750684e+001;7.879891e+000;-1.268211e+000;-1.290170e+001;1.491226e+001;4.342726e+000;-1.666883e+001;1.902565e+000;6.343684e+000;-1.397263e+001;8.876467e+000;1.344240e+001;-1.255806e+001;1.262310e+001;-2.031271e+001;9.582601e+000
69;0.690000;-4.529383e+001;-1.241632e+001;-1.038458e+000;-6.285679e+000;2.265057e+000;-2.493913e+001;-1.371710e+001;-2.173576e+001;1.385771e+001;1.986146e+001;-2.366000e+000;-8.154548e+000;1.258763e+001;4.418599e+000;-6.341475e+000;-4.043654e+000;1.791353e+001;-9.103030e+000;3.236980e+000;1.186778e+001;-2.672783e+001;7.982084e+000;-1.055637e+001;7.187539e+000;1.298048e+000
70;0.700000;-5.485371e+001;-6.284779e+000;-1.927352e+000;-9.067313e+000;7.960226e+000;9.946813e+000;2.533544e+001;1.750058e+001;-7.231028e+000;-1.387752e+001;7.839609e+000;1.261616e+001;-1.948891e+000;-1.052933e+001;1.916920e+001;-7.634495e+000;-1.131738e+001;5.890588e+000;-9.516595e+000;-1.105965e+001;1.800392e+001;-1.463316e+001;1.139386e+001;-1.841540e+001;3.573803e+000
71;0.710000;-4.354983e+001;-5.344790e+000;-9.275878e+000;-7.683602e+000;-1.918146e+000;4.205860e-001;-1.911980e+001;-1.085267e+001;2.259698e+001;-2.479762e+000;-1.802176e+001;5.974368e+000;-2.938947e+001;7.488015e+000;-1.713511e+000;1.782887e+001;-9.484716e-001;3.738250e+000;3.521631e+000;5.356136e+000;6.001447e+000;-1.163757e-001;1.195414e+000;-4.955541e+000;-1.035569e+001
72;0.720000;-4.005554e+001;-2.159315e+000;1.142587e+001;2.208500e+001;9.859640e-001;-2.174006e+001;-1.309805e+001;1.388714e+001;-4.408254e+000;-4.474540e+000;1.731803e+001;-1.440772e+001;1.428005e+001;-1.867680e+001;4.079072e-001;3.754654e+000;4.795929e+000;-6.450776e+000;8.609786e+000;-2.673787e+000;-2.300937e+000;-2.436559e+000;-5.171085e+000;7.885344e+000;1.206034e+000
73;0.730000;-4.519286e+001;-3.040047e+000;-8.299613e-001;-2.307176e+001;-2.465011e+001;3.921401e+000;8.080835e+000;-1.544170e+001;-9.084962e+000;1.802771e+001;-1.495703e+001;1.986384e+001;-9.516099e+000;4.077864e+000;9.363916e+000;2.135496e+000;-2.815740e+000;-1.535410e+000;2.157878e+000;1.781966e+000;-9.139818e+000;2.861994e+000;-6.830515e+000;2.462136e+000;1.006512e+000
74;0.740000;-5.567055e+001;-2.160084e+001;-7.973918e+000;3.552152e+000;2.738318e+001;1.127822e+001;-1.017666e+001;-7.227111e-001;2.231828e+001;-1.519522e+001;2.208785e+001;-5.753661e+000;-6.301958e+000;4.874562e+000;1.872408e+000;3.544717e+000;-7.977974e+000;2.500473e+000;-6.858440e+000;3.556824e+000;-2.497667e+000;2.185831e+000;-7.119708e+000;-3.795882e+000;7.656530e+000
75;0.750000;-5.860116e+001;4.136685e-001;-2.094641e+000;1.554285e+000;-1.881432e+001;-5.646035e+000;2.655369e+001;2.198448e+001;-1.221303e+001;2.245151e+001;-1.137150e+001;6.790251e+000;6.570639e-001;-4.297123e+000;-1.826437e+000;-1.234385e+001;6.280718e+000;2.292057e+000;3.277628e+000;-8.716906e+000;5.696558e+000;-6.818925e+000;-2.318168e+000;2.522958e+000;-8.019683e+000
76;0.760000;-6.586755e+001;-1.234201e+001;-2.309988e+001;-9.785625e+000;-1.527246e+000;1.466073e+001;2.250994e+000;-3.557135e+000;1.792573e+001;-2.334128e+001;-9.163814e+000;1.848932e+001;-5.160277e+000;5.479866e+000;-9.233622e+000;1.091939e+001;-4.306603e+000;7.478245e-001;-1.008029e+001;4.488322e+000;9.264953e-001;1.068005e+001;-6.083189e+000;-8.700151e-001;-1.045591e+001
77;0.770000;-3.335540e+001;7.508828e+000;8.005145e+000;7.175522e+000;3.780185e+000;1.535073e+000;-1.883048e+001;-5.314036e+000;-9.596299e+000;1.842256e+001;1.529684e+001;-1.557284e+001;-1.285125e+001;1.004916e+001;3.455230e-001;-1.170963e+001;9.624740e+000;8.258836e+000;-1.723820e+001;1.853197e+001;-1.599715e+001;9.690292e+000;-9.340017e+000;-2.739799e+000;8.843266e+000
78;0.780000;-2.732512e+001;-1.898639e+000;-7.269590e+000;4.796874e+000;1.989773e-001;2.422983e+001;1.221578e+001;-8.452139e+000;-1.087196e+001;-6.664164e+000;-4.057843e+000;-7.139545e+000;-1.362848e+001;2.246887e+001;6.715200e-001;-1.090130e+001;9.037635e+000;6.790373e+000;-1.126399e+001;7.672969e+000;-2.677295e+000;9.386186e+000;-1.276719e+001;9.556578e+000;-2.124496e+001
79;0.790000;-4.453742e+001;1.423355e+000;-7.997458e+000;7.240918e-002;-1.199215e+000;-8.378766e+000;-2.877545e+001;-4.641662e+000;-1.589996e+001;1.781229e+001;3.808692e+000;-3.979623e+000;-1.598849e+001;1.063928e+000;5.685295e+000;3.398341e+000;-2.282368e+000;1.029448e+000;2.361918e+001;-2.146213e+001;1.082289e+001;9.147617e+000;-1.368894e+001;5.050396e+000;6.313847e+000
80;0.800000;-2.947471e+001;-6.116667e+000;-1.117476e+000;-7.614786e+000;-5.893355e+000;-3.842354e-001;-2.105944e+001;-1.894636e+001;4.989811e-002;-9.159220e+000;1.331015e+001;3.741553e+000;-3.981207e+000;-1.827740e+001;-2.819474e+000;2.046927e+001;2.618415e-001;-8.473671e+000;2.248612e+001;-7.418339e+000;-2.590564e-001;-4.898123e+000;1.436012e+001;-5.560888e+000;1.683438e+001
81;0.810000;-2.538037e+001;-9.979590e-001;-3.183544e+000;8.799057e+000;-1.408721e+001;-9.685592e-001;-6.671829e+000;-1.893188e+001;-1.005921e+001;-2.131429e-002;9.989932e+000;1.236134e+001;-2.694895e+001;-1.178624e+001;4.824814e+000;9.014819e-001;-8.732795e+000;8.097918e+000;3.925591e+000;-7.434140e+000;-1.437233e+001;1.507650e+001;-1.607378e+001;1.675103e+001;-7.572857e+000
82;0.820000;-3.719267e+001;-1.234879e+001;2.730420e+000;7.538522e+000;-7.743083e+000;-2.097692e+001;-1.160425e+001;-1.674631e+001;-7.258344e+000;2.167862e+001;-1.723341e+000;-1.692404e+001;-8.275269e-001;6.017412e+000;1.504141e+000;-1.292046e+001;1.032321e+001;5.633316e+000;1.730871e+001;-1.839697e+001;1.371725e+001;-7.949214e+000;1.330130e+000;1.250208e+001;-6.427599e+000
83;0.830000;-4.972007e+001;-1.299725e+001;-1.451902e+001;-1.152649e+001;-1.152223e+001;-1.327071e+001;2.602329e+000;2.944813e+001;3.444674e+000;-1.847888e+001;1.064799e+001;-1.682196e+000;5.648102e+000;-1.384895e+001;5.421171e+000;-1.675430e+001;1.800268e+001;-4.915981e+000;4.129930e-001;1.356045e+001;-1.158939e+001;8.966722e-001;3.486982e+000;-3.836225e+000;2.320974e+000
84;0.840000;-3.867875e+001;4.009885e+000;-5.912500e+000;-2.434788e+001;5.899282e+000;-8.916669e+000;-1.734575e+001;-1.091371e+001;1.878234e+001;-1.660302e+001;-1.344998e+000;-6.987767e+000;1.220769e+000;5.912279e-001;9.297112e+000;5.857131e+000;-6.241933e+000;-1.077157e-001;-4.531598e+000;1.930857e+001;-9.552600e+000;5.542634e+000;1.773444e+000;-1.185772e+001;1.554362e+001
85;0.850000;-1.925863e+001;7.650174e+000;-5.461682e+000;-1.594829e+001;-7.367051e+000;2.245070e+000;4.758883e+000;-3.397133e+001;1.988895e+001;-9.094776e+000;-9.328286e+000;-2.802505e+000;1.044686e+000;-3.258559e+000;-9.285457e+000;3.724765e+000;-4.166724e+000;-1.468235e+000;-2.804615e+000;-2.469450e+000;-4.201377e-001;2.187681e+000;-1.020267e+001;8.274644e+000;-2.025360e+000
86;0.860000;-1.388536e+001;3.661473e-001;1.244062e+001;-9.013436e+000;-1.575595e+001;1.467862e+000;2.617739e+001;-2.400972e+001;1.959055e+000;3.802931e+000;-2.015920e-001;1.629466e-001;-1.050937e+001;8.734612e+000;-8.987907e+000;8.714053e+000;-2.025120e+000;-7.372546e+000;9.240390e+000;-1.838574e-001;-3.502550e-001;-6.895558e+000;5.245675e+000;8.481889e-001;-4.312352e+000
87;0.870000;-2.821331e+001;3.009961e+000;1.537952e+001;1.300837e+000;-1.525650e+001;-2.255699e+001;3.120076e+001;-7.065641e+000;-3.226190e+000;-9.651875e-002;-7.265647e+000;8.026884e+000;-7.005565e+000;9.738909e+000;-6.756244e+000;-7.435314e+000;5.350739e+000;5.339300e+000;-4.284930e+000;-8.943031e-001;1.179564e-001;-2.413603e+000;4.532218e+000;-1.937744e+000;4.947162e+000
88;0.880000;-3.662161e+001;-8.434687e+000;1.083417e+001;1.609823e+001;-1.669702e+001;-2.839108e+001;3.635341e+000;6.552110e+000;-7.938712e+000;1.397329e+001;-1.210062e+001;1.468874e+001;-1.760751e+001;8.179647e+000;1.174003e+001;2.468807e+000;4.939409e+000;3.367856e+000;1.192628e+000;5.818339e+000;-3.557037e+000;1.515089e+001;1.836031e+000;7.063598e-001;-2.119375e+000
89;0.890000;-3.739017e+001;4.899598e+000;8.056324e+000;2.018977e+001;-8.836526e+000;-2.181235e+001;-3.316765e+000;5.485258e+000;9.177491e+000;5.598173e-001;-1.457028e+001;1.635013e+001;-1.169031e+001;-9.313712e+000;1.315433e+001;1.876462e+000;-2.645807e+000;1.786119e+000;-8.777909e+000;7.192204e+000;-9.240588e+000;1.667408e+001;-1.538113e+001;1.207459e+001;-2.236341e+000
90;0.900000;-5.208797e+001;4.510193e-001;1.918061e+001;1.462970e+001;7.857570e+000;-5.087724e+000;-1.452974e+001;-1.076291e+001;2.781516e+000;1.588583e+001;-2.246431e+001;1.133631e+001;1.523764e+001;-5.283974e+000;-1.370770e+001;9.378308e+000;-1.491233e+001;1.556189e+001;-1.315843e+001;2.526247e+000;1.174154e+001;-3.939047e+000;1.846268e+000;-9.189363e+000;6.594845e+000
91;0.910000;-5.394790e+001;-1.373645e+001;-1.130724e+001;2.990596e+000;2.164106e+001;1.046987e+001;1.924546e+001;-9.704607e+000;-9.497866e+000;1.444245e+001;1.989617e+001;-1.334879e+001;-5.266904e-001;1.037497e+001;-1.336657e+001;7.362127e-001;6.166090e+000;-7.359510e+000;1.043164e+001;-2.794105e+001;1.392781e+001;-5.630991e+000;1.644738e+000;-2.975147e+000;-1.068812e+000
92;0.920000;-4.495835e+001;-2.113650e+001;-1.162643e+001;-1.710435e+001;-1.205570e+001;-6.514298e-001;1.610091e+001;2.085685e+001;-9.030283e+000;-1.750963e+001;1.417558e+001;3.468045e-001;-1.718773e+001;5.080949e+000;5.407502e+000;-6.221714e+000;2.196972e+001;-1.863867e+001;1.100897e+001;-1.096766e+001;4.433789e-002;1.321892e+000;1.225268e-002;-1.202812e+000;1.421811e-001
93;0.930000;-5.150085e+001;-4.587724e+000;-8.725153e+000;-1.419379e+001;-1.433584e+001;-1.075845e+001;-3.632077e+000;1.855860e+001;1.160749e+001;-2.992943e+001;7.673577e+000;6.388102e+000;-2.242167e+000;-5.524203e+000;6.321841e+000;-8.027491e+000;1.918917e+001;-5.883292e+000;1.468235e+001;-3.794002e+000;-4.593187e+000;1.574227e+000;-1.485260e+001;5.462343e+000;-1.006013e+001
94;0.940000;-3.190196e+001;-1.594262e+000;-1.316613e+001;-2.584936e+001;-9.249145e+000;8.794367e+000;-2.523131e+001;-3.733742e-001;1.416516e+001;-1.513601e+001;1.132132e+001;-3.214397e+000;1.135862e+001;-6.155874e+000;9.598393e+000;-2.176758e+000;7.607128e+000;-9.218596e+000;6.584796e+000;-5.430804e-001;-9.169577e+000;2.974050e+000;-1.847856e+000;-4.728470e+000;-1.199738e+000
95;0.950000;-2.340395e+001;-2.376860e-001;-1.155142e+001;-1.758524e+001;-1.355316e+001;1.097702e+001;-2.062945e+001;-8.638252e+000;1.305406e+001;-1.714448e+001;5.037783e-001;-1.234746e+000;5.470692e+000;-1.309740e+001;1.316062e+001;-6.206836e+000;6.498934e+000;-1.750669e+000;4.749596e+000;3.997291e+000;-5.553705e-001;1.755967e+000;4.219411e+000;1.488384e+000;-4.610022e+000
96;0.960000;-5.339228e+001;2.845938e+000;-5.221507e+000;-5.771328e-001;-7.601099e+000;-9.660589e+000;-2.593005e+001;-9.260677e+000;2.212086e+001;-4.386609e+000;-1.381388e+001;2.394910e+000;-5.492890e+000;-1.250200e+000;6.898778e+000;4.905204e+000;-8.138513e+000;1.501315e+001;-1.353647e+001;1.642453e+001;-1.008887e+001;5.651409e+000;1.200882e+001;-5.131938e+000;1.988989e-001
97;0.970000;-4.947812e+001;6.428251e+000;-3.186980e+000;2.148917e+001;-4.682164e+000;2.051460e+001;-2.080163e+001;-2.556963e+001;1.229372e+001;5.561222e+000;4.146715e-001;-3.064081e+000;8.492111e+000;-5.091746e+000;-2.591264e+000;6.176899e+000;-9.529523e+000;3.221400e-001;-2.869924e+000;4.081007e+000;9.497075e+000;-2.917245e+000;-4.387299e+000;-2.832223e+000;4.575753e+000
98;0.980000;-6.230385e+001;-2.648058e+001;-2.372462e+000;-3.268611e+000;8.657699e-001;2.507636e+001;9.854750e+000;-2.731969e+001;1.502278e+001;6.990243e-001;1.281913e+001;-3.372482e+000;5.415681e+000;-1.577482e+000;-4.332321e-002;8.108293e+000;-5.000104e+000;1.361038e+001;-3.900347e+000;-2.903237e+000;-1.151988e+000;8.671221e+000;1.064667e+000;-2.087747e+000;1.402701e+000
99;0.990000;-2.980342e+001;6.062889e+000;6.267673e+000;-2.277586e+000;-2.195469e+001;7.149185e+000;1.726074e+001;-1.650132e+001;-3.159364e+000;8.906269e+000;-5.321622e+000;8.430932e+000;-1.374494e+001;1.315887e+001;-1.238342e+001;1.231638e+001;-6.374629e+000;-3.555852e+000;4.208504e+000;1.246148e+000;-1.710655e+000;-3.451059e+000;2.948676e+000;2.262625e+000;-3.763066e+000
100;1.000000;-6.329249e+001;7.350824e+000;1.101007e+001;1.938557e+001;-8.391516e-002;-2.366369e+001;-4.628757e+000;1.567228e+001;-2.140802e+001;1.730550e+001;1.027638e-001;3.331903e+000;-6.952813e+000;-3.185392e+000;1.153214e+000;-3.112598e+000;5.506761e+000;-4.880461e+000;1.272373e+001;-8.963211e+000;-3.190871e+000;2.029601e+000;-1.846268e+000;-5.519589e-001;3.291195e+000
101;1.010000;-7.112844e+001;-3.553409e+001;-2.884175e+000;3.238561e+000;1.378762e+001;-6.567597e+000;-1.064521e+001;3.678158e+000;1.473905e+001;-1.282817e+001;-2.652067e+000;5.848383e+000;2.891945e+000;-9.122452e+000;1.209043e+001;-1.294925e+001;4.199006e+000;1.069558e+001;-1.555297e+001;9.077326e+000;-5.934192e+000;8.329068e+000;-5.526543e+000;-1.405502e+000;2.464456e+000
102;1.020000;-2.032281e+001;1.266009e+001;-5.474944e+000;-1.063309e+001;1.125079e+000;6.229587e+000;-6.672412e+000;-6.192338e+000;9.191047e+000;-1.482280e+000;-9.914196e+000;1.307841e+001;-1.152812e+001;1.025962e+001;-1.535923e+001;1.795856e+001;-9.473919e+000;-6.323297e+000;1.312634e+001;-5.994443e+000;-5.087800e+000;8.052067e+000;-3.046472e+000;-3.146307e+000;5.555008e+000
103;1.030000;-5.837336e+001;-1.375774e+001;-8.170632e+000;3.552177e+000;1.482826e+001;2.082670e+001;7.322000e+000;-5.283523e+000;-2.363935e+000;2.077827e+000;2.706319e+001;-1.345776e+001;-4.305217e+000;8.680456e+000;-8.704659e-001;-1.889165e+001;2.206151e+001;-1.200487e+001;5.288169e-001;-9.583060e+000;-3.224489e+000;5.903409e+000;-7.506525e+000;6.220213e+000;-1.054842e+001
104;1.040000;-2.994370e+001;-6.799754e+000;-6.849815e+000;1.206664e+001;-1.550764e+001;-2.010681e+001;-3.051987e+001;1.492020e+001;2.044107e-001;2.696473e+000;-1.521596e+001;3.213186e+000;-5.733323e+000;-2.954974e-001;9.846910e+000;-1.033749e+001;1.728845e+001;2.058198e+000;-1.302611e+001;7.346927e+000;4.862685e+000;2.239448e-001;1.382429e+001;-1.102097e+001;2.088281e+000
105;1.050000;-4.138712e+001;-1.181427e+000;4.186625e+000;-5.500851e+000;-7.278547e+000;-2.008774e+001;-1.746094e+001;-7.601173e+000;1.065570e+000;6.235175e+000;6.202027e+000;-2.379097e+001;-8.505010e+000;1.972426e+001;4.534912e+000;-1.582537e+001;1.413184e+001;3.602275e+000;-1.739801e+000;4.208016e-001;4.541080e+000;-4.210870e+000;2.155985e+001;-1.718883e+001;1.552925e+001
106;1.060000;-6.396546e+001;-2.318921e+001;4.254442e+000;-1.911364e+001;-2.141716e+000;-1.905255e+001;1.832205e+001;1.461005e+001;3.846179e+000;2.806525e+000;-1.535136e+001;-1.520469e+001;1.626064e+001;-3.721992e-001;-1.060804e+001;1.959841e+001;-3.952219e+000;-5.705761e+000;-3.424731e+000;1.037448e+001;-2.030950e+000;-1.393445e+001;6.507283e+000;-4.058857e+000;1.610733e+001
107;1.070000;-2.988724e+001;-7.100231e+000;2.514939e+001;1.776199e-001;-8.179543e+000;9.276507e+000;6.882464e+000;3.310551e+000;-4.864760e+000;-3.051193e+001;7.631171e-001;4.990266e-001;1.721401e+001;-2.471513e+000;5.742867e+000;5.918473e+000;-1.228023e+001;-4.906857e+000;7.444780e+000;-5.211002e+000;-1.863336e+001;2.449649e+001;-2.476868e+000;-8.986691e-001;1.488245e+000
108;1.080000;-7.108920e+001;-1.304485e+001;-1.283360e+001;-1.779372e+001;2.135348e+000;4.646036e+000;5.296538e+000;1.110109e+001;3.637984e+000;-1.529565e+001;-5.251321e+000;-1.353413e+001;2.774633e+001;4.438736e+000;-1.251840e+001;-8.671736e+000;2.064154e+001;-1.588402e+001;2.784121e+000;-3.474422e+000;4.891992e+000;2.413254e+000;-1.120244e+000;9.777388e+000;-2.037797e+001
109;1.090000;-6.050500e+001;-1.773409e+001;5.004029e+000;-6.931922e+000;-8.310349e+000;-5.843992e+000;1.188446e+001;2.858198e+001;8.876415e+000;-8.541626e+000;-2.488486e+000;4.338051e+000;-7.425457e+000;2.673305e+000;2.471816e+001;-7.996164e+000;1.979533e+000;1.402421e+000;1.413767e+001;-1.763443e+001;1.598032e+001;-9.747033e+000;-2.812829e+000;1.151996e+001;-7.204080e+000
110;1.100000;-5.318893e+001;-1.240904e+001;-2.206411e+001;3.480805e+000;-1.181195e+001;-1.040106e+001;-4.915689e+000;-2.160219e+000;3.008738e+001;6.833901e+000;-1.393377e+000;-1.047086e+001;-1.747727e+001;2.023685e+001;-1.371403e+001;-1.711633e+000;5.841191e+000;7.386281e+000;-1.304107e+001;1.202467e+001;8.269655e-001;-1.742037e+000;-3.176005e+000;1.122873e+001;-1.628742e+001
111;1.110000;-4.363072e+001;-3.687926e+000;1.587421e+001;6.375158e+000;1.611904e+001;-2.758596e+000;6.568217e+000;-6.585506e+000;-2.060320e+001;-1.501605e+001;1.891197e+001;5.989835e+000;-2.483764e-001;-1.015529e+001;5.143946e+000;1.149180e+001;-4.709930e+000;-2.175642e+000;3.629559e+000;-1.891131e+001;-1.721316e+000;2.289725e+001;-1.940700e+001;1.485501e+001;-5.138867e+000
112;1.120000;-5.620708e+001;-2.228538e+000;-6.788229e+000;-1.138307e+001;8.038609e+000;2.395625e+001;1.124456e+001;1.039328e+001;2.323361e+000;1.005798e+000;-1.168463e+001;3.741548e+000;1.705990e+001;-7.523971e-001;-1.617235e+001;1.433850e+001;-3.818967e+000;-8.905849e+000;-6.449907e+000;-5.386922e+000;1.948655e+000;1.823206e+001;-2.862062e+001;1.161508e+001;-9.770402e+000
113;1.130000;-4.254309e+001;9.970779e+000;9.459316e+000;1.076682e+001;-2.839962e+000;-1.704980e+001;-2.566139e+000;-2.706178e+000;1.552425e+001;9.734764e+000;-1.144013e+001;-1.358480e+001;1.563727e+001;-6.394470e+000;-2.735671e+000;-5.690096e+000;2.648068e+001;-2.291182e+001;3.848312e-001;3.916287e+000;-7.303581e+000;1.447531e+001;-5.545381e+000;-1.533856e+000;2.332028e+000
114;1.140000;-6.053120e+001;-1.400043e+000;-1.385389e+001;-5.925725e+000;-1.414002e+001;-5.960440e+000;-2.156821e+001;-7.594127e-002;2.280993e+001;1.497771e+001;-3.051501e+000;-5.717491e+000;-7.848556e+000;2.425495e+001;-1.905534e+001;7.030012e-001;1.085298e+001;-2.032585e+001;3.805806e+000;-1.403272e+000;2.257109e+000;-5.931150e+000;1.612069e+001;1.018055e+000;-2.237695e+000
115;1.150000;-3.411314e+001;5.384580e+000;1.282174e+001;-3.004588e+000;1.387532e+001;-1.008386e+001;-1.057974e+001;-1.156733e+001;-4.225173e+000;1.241513e+001;2.347829e+001;-2.255842e+001;-8.977975e+000;1.032842e+001;-4.381845e+000;-6.146798e+000;8.082858e+000;9.554027e-001;-1.658596e+000;-1.522156e-001;-7.773346e-001;3.967310e+000;-1.679474e+001;1.535428e+001;-1.083319e+001
116;1.160000;-4.391813e+001;-1.166671e+001;1.312437e+001;8.063680e+000;5.410820e+000;2.473751e+001;8.826068e+000;-1.418503e+001;-2.323075e+001;1.210633e+001;-1.044171e+000;6.480895e-001;-1.605630e+001;9.810925e+000;-1.351910e+001;1.489536e+001;7.823181e+000;-1.144746e+001;1.252527e+001;8.260052e-001;-1.353331e+001;9.446258e+000;-5.908401e+000;4.910925e+000;-7.502762e+000
117;1.170000;-6.078874e+001;-2.608499e+001;-8.150731e+000;6.097913e+000;1.436038e+001;6.100121e+000;1.071916e+001;-1.686946e+001;9.205601e+000;8.608675e+000;1.778078e+001;-1.265950e+001;-3.341233e+000;1.298093e+001;1.101622e+001;-9.704400e+000;2.767397e+000;1.693954e+001;-2.071834e+001;1.765678e+001;1.440528e-001;-2.147264e+000;5.509579e+000;-7.654187e+000;5.237067e+000
118;1.180000;-4.953607e+001;-1.069656e+001;1.869430e+000;-1.811286e+001;1.842267e+001;6.448048e+000;2.174098e+001;1.562902e+001;-1.855595e+000;-8.494716e+000;-5.127142e+000;1.198512e+001;1.312560e+001;-1.473740e+001;-3.145535e+000;2.180581e+001;-1.784041e+001;-7.397718e+000;-2.837949e+000;-6.154687e-001;1.559785e+000;-1.390817e+000;2.982621e+000;-1.582334e+001;1.115538e+001
119;1.190000;-3.762507e+001;-4.849284e+000;9.500660e+000;1.264780e+000;-4.805693e+000;1.135779e+001;-1.582715e+001;-2.051420e+001;-1.541577e+001;-2.576462e+000;9.054796e+000;1.000217e+001;-1.676470e+001;-1.575802e+000;-1.267953e+001;1.728429e+001;-2.450984e+001;-2.688998e+000;1.087254e+001;-4.486213e+000;-1.004132e+001;8.791192e+000;5.309585e+000;-1.327749e+001;6.174809e+000
120;1.200000;-5.385444e+001;-1.425812e+001;9.653881e-001;4.000922e+000;7.812591e+000;-4.476444e+000;-1.445353e+001;-1.329428e+001;-2.003366e+001;-8.686622e+000;1.780437e+001;-1.035376e+001;-5.707344e+000;-3.775794e-002;1.547567e+001;1.509057e+001;-1.856110e+001;-3.240405e+000;1.832007e+001;-1.798762e+001;1.562891e+001;-4.119401e+000;5.094846e+000;-3.201424e+000;1.683944e+001
121;1.210000;-3.020227e+001;-7.166691e+000;1.252281e+001;-3.554629e+000;5.459666e+000;-1.934822e+001;-8.494233e+000;-1.599071e+001;-7.157573e+000;2.504942e+000;1.423708e+001;-2.548453e+000;-2.388738e+001;-7.270637e+000;7.855110e+000;5.346768e+000;-1.639599e+001;3.175367e+000;5.596455e+000;-1.388967e+000;-7.391244e+000;9.843871e-001;-1.219487e+000;-1.433252e+001;2.704600e+001
122;1.220000;-4.525863e+001;5.306171e+000;1.871637e+001;6.802040e+000;-9.566482e+000;4.027740e+000;-4.301295e+000;2.633391e+000;-1.512970e+001;-9.596763e+000;9.238895e-002;1.878839e+001;1.224047e+001;-1.073421e+001;-3.446976e+000;-4.079905e+000;-1.280631e+001;8.102379e+000;7.181909e+000;1.113852e+001;-2.701958e+001;2.386961e+001;-5.873595e+000;-8.919819e+000;7.235167e+000
123;1.230000;-3.646650e+001;-1.147329e+000;1.296334e+001;-8.342253e+000;1.026187e+001;1.050949e+001;1.993071e+001;9.525259e-001;-1.280877e+001;-1.430611e+001;-9.173159e+000;-6.021065e+000;1.700215e+001;-1.552680e+001;5.739181e+000;5.556646e+000;8.568544e+000;-1.209372e+000;-2.209388e+001;2.528605e+001;1.269617e+000;-9.352902e+000;1.585078e-001;2.150222e+000;-1.540960e+001
124;1.240000;-6.524921e+001;-1.361216e+001;-1.105992e+001;-1.125665e+001;-1.561463e+001;1.021995e+001;-5.982165e-001;1.083226e+001;2.480584e+000;1.783788e+001;-2.102822e+001;-1.489001e+001;-2.317590e+000;1.923405e+001;2.648382e+000;-9.591324e+000;4.492314e+000;-3.222459e+000;9.294875e+000;-8.071157e+000;4.141884e+000;-1.455144e+001;7.048276e+000;9.894703e+000;-1.685447e+001
125;1.250000;-3.382278e+001;-2.583781e+001;-1.155499e+001;-1.344928e+001;1.527120e-002;-1.422220e+001;4.861934e+000;-5.571039e+000;1.460779e+001;2.075102e+001;-6.673944e+000;2.022525e+000;-2.493044e+001;-4.116259e+000;2.077843e+001;-8.951364e+000;-1.294052e+000;2.500896e+000;4.718536e+000;-6.949572e+000;2.506965e+000;1.605902e+001;-1.041905e+001;-8.895244e+000;2.099411e+000
126;1.260000;-4.323962e+001;-5.260132e+000;-3.275024e+000;-3.688437e+000;5.712640e+000;-3.651294e+000;-2.250407e+001;-1.512678e+001;-1.059794e+001;-3.180192e+000;-7.472405e+000;2.197855e+001;1.110878e+000;-8.775919e+000;-1.595925e+001;1.973197e+001;-3.934633e+000;5.211613e+000;-3.603082e+000;5.394455e+000;-5.137044e-001;1.753818e+001;5.110732e+000;-2.196112e+001;1.744720e+001
127;1.270000;-4.452682e+001;-1.488837e+001;9.384067e+000;1.931501e+001;8.832745e+000;1.411652e+001;2.179441e+000;-1.193945e+001;-7.283936e+000;-4.823739e+000;1.293676e+001;-1.440821e+001;-8.869076e+000;-8.313807e-001;3.319672e+000;1.638750e+001;-4.000621e+000;-1.655091e+001;2.209817e+001;-1.368692e+000;-3.752361e+000;-6.097204e+000;1.142001e+001;-2.222995e+001;9.674249e+000
128;1.280000;-3.757520e+001;-9.579238e+000;9.033376e+000;-7.761172e+000;1.104059e+001;-6.175018e+000;5.593290e+000;-8.735462e+000;-2.296606e+001;-2.405058e+001;5.710556e+000;5.446559e+000;5.905594e-001;6.266839e+000;-1.451397e+001;-1.832175e+000;9.020588e+000;-6.128675e+000;-1.932003e+001;1.439528e+001;-1.169620e+000;-1.462846e+001;4.949887e+000;-5.289775e+000;2.127990e+001
129;1.290000;-5.178735e+001;-1.743684e+000;6.863556e+000;-4.246742e+000;-1.986186e+001;1.124749e+001;7.317475e+000;3.204400e+001;5.104962e-001;7.285008e+000;-7.841925e+000;1.212167e+001;7.737578e-001;-1.336060e+001;2.472620e+000;-4.415845e+000;-3.141507e+000;-4.172168e+000;1.400731e+001;-5.353019e+000;-1.643518e+001;9.646707e+000;2.462900e+000;-1.995095e+001;1.064680e+001
130;1.300000;-5.404981e+001;-1.632402e+001;-8.071855e-001;-8.584539e+000;-8.646839e+000;-1.314582e+001;2.819701e-001;-2.292765e+001;1.284792e+001;1.735643e+001;9.345290e+000;1.173257e+001;-1.134853e+001;-1.917317e+001;2.017795e+001;-3.787548e+000;-9.050729e+000;-7.054132e+000;8.638762e+000;5.785386e+000;-1.817150e+001;1.355747e+001;-7.269252e+000;6.488998e+000;4.280160e+000
131;1.310000;-3.199707e+001;-7.625044e+000;-1.124457e+001;-1.379249e+001;1.668723e+000;-1.263011e+001;-2.875858e+001;1.735284e+000;3.931463e+000;1.201712e+001;-4.407967e+000;1.228623e+001;-1.869728e+001;8.086389e+000;1.247480e+001;9.484557e+000;-6.665548e+000;2.431672e+000;-6.033858e+000;-6.804444e+000;9.911160e+000;-2.884823e+000;-1.253002e+001;1.109974e+001;-1.694188e+001
132;1.320000;-4.272308e+001;5.259894e+000;1.554573e+001;2.086445e+001;-2.770218e+001;4.109346e+000;-1.799058e+001;9.019182e+000;1.103034e+001;2.175609e-001;-1.303898e+000;-6.094560e+000;5.510158e+000;-5.501823e+000;5.790867e-002;1.926777e+000;1.296970e+001;-1.109842e+001;-1.322568e+001;1.480176e+001;-1.501633e+000;-7.995364e+000;5.585952e+000;7.982095e+000;-1.299559e+001
133;1.330000;-4.354294e+001;-1.228462e+001;-6.554883e-001;7.408547e+000;2.586098e+001;-9.927313e+000;3.197037e+001;-2.919196e+000;-4.060318e+000;-7.259012e-001;-1.750761e+001;4.295731e+000;1.129705e+001;5.785625e-001;-2.226628e+001;-8.455506e+000;3.811083e+000;1.191498e+001;-5.641670e+000;-3.167754e+000;1.192962e+001;-7.206479e+000;1.796411e+000;6.520842e+000;4.691656e+000
134;1.340000;-2.558848e+001;1.400038e+001;5.739040e+000;3.447739e-001;-3.191735e+001;2.589689e+001;-1.660401e+000;-1.569855e+000;-5.756507e+000;1.465702e+000;9.985768e+000;-6.766657e+000;-1.431711e+000;-1.280235e+000;4.965746e+000;-6.454607e+000;4.593849e+000;-4.843698e+000;-3.976051e+000;1.214545e+001;-6.661031e+000;-5.642864e+000;6.696665e+000;5.127344e+000;-1.079162e+001
135;1.350000;-3.594751e+001;-1.973200e+001;-1.215195e+001;-6.314716e+000;2.744438e+001;-2.989241e+001;-1.433349e+001;-9.356987e+000;-1.579933e+001;1.895106e+001;3.353260e+000;5.092002e+000;2.856252e+000;5.028194e+000;2.856219e+000;3.042987e+000;-5.759918e-001;-1.038762e+001;5.224427e+000;1.353664e+000;7.713203e-002;3.971910e+000;-1.189807e+001;-2.906628e+000;-1.689874e+000
136;1.360000;-5.516930e+001;9.628299e+000;2.379809e+001;1.611086e+001;-2.522394e+001;-6.987542e+000;9.229413e+000;-2.042367e+001;2.444509e+001;-6.201667e+000;1.363210e-001;-4.861570e+000;3.298217e-002;-5.208261e+000;6.075347e+000;2.479390e+000;1.664555e+000;-7.863159e+000;6.785584e+000;-1.161351e+001;6.639868e+000;3.785392e+000;-2.129236e+000;1.821607e+000;-2.256179e+000
137;1.370000;-5.027209e+001;7.398598e+000;-1.848533e+001;-3.147790e+001;-1.551402e+001;2.070946e+001;-2.536450e+001;9.890924e+000;4.303590e+000;5.678637e+000;7.600291e+000;-8.186415e+000;1.516989e+001;-5.224336e+000;-4.491630e+000;-9.505506e-001;-1.258877e+000;-3.893838e+000;-4.004248e+000;3.202210e-001;3.298183e+000;1.073201e+000;-3.471809e+000;1.170929e+001;-2.947451e+000
138;1.380000;-6.611722e+001;-2.358725e+001;-2.229213e+001;-5.512139e+000;3.311053e+001;-8.139874e+000;-1.400909e+001;1.105558e+001;-1.417814e+001;1.585651e+001;-4.393846e+000;4.317344e+000;-1.435480e+001;1.007990e+001;-1.053615e+000;6.439309e-001;2.416067e+000;-4.751306e+000;-3.755683e+000;7.963352e+000;-1.720086e+000;1.147559e+000;-4.730470e+000;3.077075e+000;-4.560394e+000
139;1.390000;-2.750383e+001;-2.936264e+001;3.510427e+001;2.317373e+001;-9.816022e+000;-8.295496e+000;2.403701e+000;-8.820774e+000;-8.165199e+000;4.056669e+000;6.818669e+000;-6.068162e-001;1.384627e+000;4.098085e+000;-3.839434e+000;-6.429025e+000;-4.938475e-001;1.110181e+000;-1.954101e+000;2.183051e+000;5.620397e+000;1.311972e-002;-3.045523e+000;-3.838262e-002;-1.065925e+000
140;1.400000;-4.623902e+001;4.366072e+001;-1.702655e+001;-1.577509e+001;9.675745e+000;3.185504e+000;-9.515214e+000;1.813072e-001;5.984064e+000;-3.559018e+000;-3.952574e+000;4.190750e+000;1.022509e+000;-4.610868e+000;6.002675e-001;3.255139e+000;-2.510767e+000;-2.109128e+000;3.130219e+000;3.303331e-001;-3.318645e+000;1.084335e+000;2.596630e+000;-2.303596e+000;-1.436939e+000
141;1.410000;-9.015291e+001;-3.456779e+001;1.443440e+001;7.650411e+000;-2.171739e+001;2.341865e+001;-1.568731e+001;5.820954e+000;-3.067584e-001;9.782063e-001;-4.841065e+000;7.171635e+000;-5.291309e+000;2.605242e-001;4.449419e+000;-5.938145e+000;4.067595e+000;-1.267590e+000;3.381329e-001;-2.151032e+000;5.083828e+000;-6.519815e+000;5.077820e+000;-1.719929e+000;-1.121010e+000
142;1.420000;-5.913420e+001;-4.251112e+001;-1.270319e+001;3.204587e+001;-1.365984e+001;3.307644e-001;-8.531612e+000;1.508973e+001;-6.576398e+000;-1.150810e+000;-2.868390e+000;6.476851e+000;-4.984581e-001;-4.921146e+000;1.673362e+000;1.494127e+000;2.705977e+000;-6.425235e+000;2.949851e+000;4.354091e-001;2.694527e+000;-5.547722e+000;1.943447e+000;1.615298e+000;9.926180e-001
143;1.430000;-1.198303e+002;-1.288225e+001;1.252312e+001;-1.193652e+001;1.114002e+001;-1.015736e+001;9.017750e+000;-7.754896e+000;6.405915e+000;-5.010125e+000;3.607792e+000;-2.238817e+000;9.414514e-001;2.489174e-001;-1.300923e+000;2.188199e+000;-2.890222e+000;3.392955e+000;-3.689269e+000;3.779144e+000;-3.669641e+000;3.374616e+000;-2.914257e+000;2.314356e+000;-1.605443e+000
144;1.440000;-9.486666e+001;3.093908e+001;1.461164e+001;-5.766271e-001;-6.683266e+000;-3.830331e+000;1.294251e+000;2.149966e+000;-1.968018e+000;-6.150228e+000;-5.271631e+000;7.824638e-001;6.913570e+000;7.589205e+000;1.974830e+000;-5.317382e+000;-8.369574e+000;-5.043386e+000;1.532080e+000;6.064497e+000;5.638690e+000;1.614535e+000;-2.345759e+000;-3.730056e+000;-2.776796e+000
145;1.450000;-4.506239e+001;-3.784207e+001;-2.557404e+001;1.494267e+001;1.083854e+001;-2.353662e+000;1.445528e+000;-1.615995e+001;1.303774e+001;-5.409455e+000;1.115549e+001;-8.993849e+000;-1.449431e+000;6.077827e-001;4.470002e-001;7.247914e+000;-7.370399e+000;2.533305e+000;-5.947148e+000;6.540639e+000;-8.800434e-002;6.692151e-001;-3.262823e+000;-1.733868e+000;2.446451e+000
146;1.460000;-5.260262e+001;9.457348e+000;2.875218e+001;-2.788561e+001;6.930818e+000;-1.300991e+001;4.796915e+000;8.194060e+000;-1.232203e-001;-2.987594e+000;-1.229662e+001;9.747224e+000;4.300571e+000;-4.083723e+000;-6.289706e+000;-1.007529e+000;7.777747e+000;-4.378026e+000;7.448095e-001;1.630444e+000;-9.409572e-001;-3.037871e+000;-1.230375e+000;8.980032e+000;-3.332799e+000
147;1.470000;-1.541807e+001;2.637928e+001;-3.191172e+001;1.230191e+001;-3.794195e+000;-6.280136e+000;7.722947e+000;-7.558042e+000;2.340843e+000;1.417657e+000;-4.837371e+000;4.668376e+000;-3.087456e+000;-3.920344e-001;2.734988e+000;-4.030803e+000;2.658928e+000;-6.647877e-001;-1.799457e+000;2.936638e+000;-2.820663e+000;1.215983e+000;7.169687e-001;-2.375408e+000;2.830369e+000
148;1.480000;-4.457832e+001;-3.874108e+001;-1.732563e+001;3.354155e+000;6.298789e+000;1.515876e+001;-1.564135e+001;4.809498e+000;-6.105365e+000;1.778327e+000;1.052794e+000;8.524124e+000;-1.080732e+001;6.465374e+000;-5.085623e+000;-2.097650e+000;4.476338e+000;6.825928e+000;-9.822066e+000;3.474874e+000;-2.792373e+000;-1.862717e+000;6.753814e+000;2.935952e+000;-8.479601e+000
149;1.490000;-2.186080e+001;-2.242204e+001;-1.489199e+001;3.055949e+001;3.206598e+000;1.544545e+001;-1.337959e+001;4.465155e+000;-6.734517e+000;4.675297e+000;-9.424028e+000;-6.912076e+000;-6.921787e+000;2.124252e+000;9.095257e+000;3.928755e+000;2.535875e+000;-7.332536e+000;1.436037e+000;-8.204804e-001;7.637567e+000;-2.001122e+000;-5.866768e-001;-6.969639e+000;-2.002629e+000
150;1.500000;-1.085618e+002;-1.376619e+001;-8.084253e+000;2.165676e+001;-1.600381e+001;-1.792345e+000;1.498330e+001;-1.358776e+001;2.197780e+000;7.130620e+000;-7.588731e+000;2.455602e+000;1.146897e+000;-7.515522e-001;-2.816218e-001;-1.316746e+000;4.014080e+000;-3.667630e+000;-7.157698e-001;5.173790e+000;-5.201104e+000;9.104269e-001;3.261241e+000;-3.710531e+000;1.348297e+000
151;1.510000;-7.068867e+001;-3.457369e+001;-7.756042e+000;1.626617e+001;-1.911035e+000;-1.257123e+001;2.082311e+001;-1.519331e+001;5.522486e+000;-1.099929e+001;1.494821e+001;1.097944e+000;-1.105980e+001;9.471827e-001;1.635060e+000;7.076028e+000;-4.372747e+000;-2.547714e+000;-1.144668e-001;7.869141e-001;4.339112e-001;6.582817e+000;-7.985348e+000;-3.973835e-001;-2.535754e+000
152;1.520000;-1.778030e+001;2.597356e+000;-1.888708e+001;-2.345437e+001;1.564631e+001;-3.072672e+001;6.571204e+000;-6.522669e+000;-9.474308e+000;6.028520e-001;-3.837369e+000;-2.124392e+000;-1.509305e+000;5.517653e+000;-6.696681e+000;8.862754e+000;-9.683795e-001;-4.778271e-002;6.377802e+000;-1.421513e+000;3.733220e+000;1.766384e+000;3.210904e+000;-2.501324e+000;6.380233e+000
153;1.530000;2.715120e+001;-1.039155e+001;-2.479546e+000;-3.641910e+000;-1.181430e+000;-1.906006e-001;-2.069410e+000;9.457781e-001;-1.183198e+000;-1.250851e-001;-2.183377e-001;-1.741231e-001;-4.108720e-001;-8.556516e-002;-1.662989e-001;2.880129e-002;-4.492946e-001;1.438677e-001;-8.397205e-002;-3.924067e-001;2.090927e-001;-1.989185e-001;-6.627992e-002;1.656713e-001;-4.943194e-002
154;1.540000;-3.762930e+001;1.170801e+001;-1.511418e+001;-3.660802e+000;8.595160e+000;1.570324e+001;-2.426723e+001;1.928729e+001;-1.642711e+000;-2.949113e+000;1.599967e+001;-1.665443e+000;2.254754e+000;-1.316029e+001;-4.092398e+000;-9.800444e+000;-5.241089e+000;6.712122e+000;3.320539e+000;-1.998075e+000;1.486939e+000;1.396645e+000;-6.045961e+000;1.247640e+001;4.859138e+000
155;1.550000;-8.424883e+001;-3.803263e+001;1.604174e+001;-1.767479e+000;4.699388e+000;-1.612189e+001;1.945535e+001;-7.798158e+000;-9.753579e+000;1.851171e+001;-1.312319e+001;1.379936e+000;5.476981e+000;-4.076899e+000;1.436831e-002;4.824829e-001;2.465811e+000;-4.196115e+000;2.328580e+000;4.515436e-001;-6.058874e-001;-1.170529e+000;8.391099e-001;3.269236e+000;-7.434042e+000
156;1.560000;1.166309e+001;9.861928e+000;-2.402961e+001;1.561285e+001;-1.596632e+001;1.028956e+001;-8.685659e+000;3.865984e+000;-1.294190e+000;-2.414120e+000;3.707970e+000;-4.940115e+000;4.396347e+000;-4.238314e+000;2.944351e+000;-2.276788e+000;9.893532e-001;-1.260795e-001;-1.198572e+000;1.991882e+000;-2.676504e+000;2.676756e+000;-2.610787e+000;2.090772e+000;-1.501143e+000
157;1.570000;-6.167107e+001;-3.888441e+001;-1.801053e+001;3.717992e+001;-1.678410e+001;1.437398e+000;-8.228573e+000;1.298659e+001;-2.010726e+000;-7.574920e+000;3.881174e+000;3.479698e-001;4.900039e+000;-9.327284e+000;4.408853e+000;7.665631e-001;1.698009e+000;-3.957149e+000;-9.817045e-001;5.648434e+000;-3.179205e+000;3.103081e-001;-3.454019e+000;6.158835e+000;-2.249931e+000
158;1.580000;-7.206917e+001;-2.129922e+001;-2.998087e+001;1.727709e+001;1.497137e+001;-5.626006e+000;-1.729693e+001;1.645958e+001;-1.077809e+001;1.175902e+001;-6.863412e-001;-1.582275e+001;1.491546e+001;-5.986657e+000;5.741398e+000;-4.554835e+000;-2.306674e+000;2.037767e+000;1.914059e+000;3.636983e+000;-9.893228e+000;5.683521e+000;-1.013376e+000;1.177910e+000;2.696245e+000
159;1.590000;-7.390850e+001;-3.784369e+001;-5.578159e+000;3.342346e+001;-2.896851e+001;8.936144e+000;1.445222e+000;2.967254e+000;-7.858620e+000;2.515985e+000;7.090550e+000;-9.449636e+000;3.977662e+000;-1.377375e-001;2.991467e+000;-6.781015e+000;4.465604e+000;1.881960e+000;-4.622720e+000;1.816989e+000;5.269957e-001;2.142206e+000;-6.203730e+000;5.518796e+000;-6.488323e-001
160;1.600000;-7.606550e+001;-3.265549e+001;-4.713530e+000;4.363231e+000;2.522200e+001;-3.572619e+001;1.401332e+001;7.126194e+000;-6.212830e+000;-1.512124e+000;-2.478242e-001;4.383891e+000;-2.417723e+000;1.890499e+000;-8.080249e+000;1.081132e+001;-3.066719e+000;-5.238183e+000;4.432142e+000;-4.133502e-001;1.385850e+000;-3.692516e+000;2.187596e+000;-1.430224e+000;5.085711e+000
161;1.610000;-4.002430e+000;2.082395e+001;-9.417617e+000;-1.726705e+001;2.010213e+001;-1.045364e+001;-8.105168e+000;1.657151e+001;-1.709899e+001;1.053336e+001;-7.261606e+000;8.038076e+000;-1.094636e+001;9.784901e+000;-4.708813e+000;-1.964299e+000;4.111699e+000;-1.888146e+000;-3.005398e+000;5.133839e+000;-4.087791e+000;1.931251e+000;-2.005621e+000;4.499620e+000;-6.552491e+000
162;1.620000;-7.902824e+001;-2.932329e+001;3.332986e+001;1.851620e+000;1.544734e+000;1.902920e+001;-1.340100e+000;4.719467e+000;1.452957e+001;-1.074067e+001;1.612197e+001;-6.860989e+000;3.839903e+000;2.585354e-003;-1.100582e+000;-2.911289e+000;3.475108e-001;-3.358312e+000;-5.458002e+000;4.660944e+000;-1.285644e+001;7.696920e+000;-9.238737e+000;1.504301e+000;-1.291735e+000
163;1.630000;-2.974946e+001;2.474113e+001;-1.329822e+001;1.850596e+001;-2.458367e+001;-1.308978e+001;2.414101e+001;-2.587148e+000;-8.925647e+000;-4.796805e+000;2.274377e+000;1.035568e+001;-8.676214e+000;-3.846685e+000;5.555780e+000;-3.232228e+000;2.416397e+000;-2.618209e-001;-2.151230e+000;1.090730e+000;-2.975813e+000;5.153087e+000;4.289095e-001;-7.371975e+000;3.627448e+000
164;1.640000;-7.230329e+001;-2.934888e+001;-1.611509e+001;2.495043e+001;-1.094985e+001;-1.013141e+001;2.276669e+001;-1.029639e+001;2.266506e+000;-1.616488e+001;1.470639e+001;2.509753e+000;-1.770544e+000;-3.568454e+000;1.688859e-001;-4.426253e+000;6.326614e+000;-6.574399e-001;8.367510e+000;-1.346264e+001;-8.162775e-001;3.632762e+000;5.869468e+000;7.768723e-001;-6.815542e+000
165;1.650000;-5.788177e+001;-2.210326e+000;-2.868942e+001;-3.349100e+001;2.534567e+001;-8.763186e+000;9.396343e+000;2.596390e+000;1.172946e+001;-1.351470e+001;2.888817e+000;-3.288621e+000;-4.925085e+000;-3.884783e-001;5.155513e+000;2.684536e+000;-2.278966e+000;7.304681e+000;-5.428699e+000;-1.382660e+000;-3.811083e+000;2.998474e+000;-5.279979e+000;5.711404e+000;2.799343e+000
166;1.660000;-2.286763e+000;2.041049e+001;-3.338450e+001;1.733024e+001;-1.040858e+001;-3.793246e-001;4.570759e+000;-8.279578e+000;6.640614e+000;-4.686843e+000;4.944299e-001;2.133963e+000;-4.462111e+000;4.173446e+000;-3.403210e+000;8.673731e-001;1.037688e+000;-2.943600e+000;3.316461e+000;-2.862618e+000;1.250420e+000;4.663741e-001;-2.139985e+000;2.885636e+000;-2.739491e+000
167;1.670000;-4.860666e+001;-1.929888e+001;-3.793900e+001;-3.573896e+000;2.464845e+001;-1.217991e+001;2.148983e+001;-1.492259e+001;-2.244764e+000;-2.348982e+000;1.043108e+000;1.821815e+000;7.913184e+000;-5.274714e+000;-1.031376e+000;-5.188954e-001;-6.326013e+000;8.910578e+000;-2.335330e+000;3.295335e+000;-1.573630e+000;-2.321710e+000;-3.545237e+000;4.804430e+000;-2.554602e+000
168;1.680000;2.321953e+001;-1.466263e+001;-4.514956e+000;-2.993362e+000;-1.449903e+000;-2.333811e+000;-2.870487e-001;-9.632995e-001;-1.102694e-001;-5.194815e-001;-8.953079e-002;-3.549645e-001;-3.777147e-001;-5.701520e-002;-3.269232e-001;1.478787e-001;-2.472631e-001;5.187291e-002;-4.817602e-003;3.015528e-002;-8.332007e-002;-2.374461e-002;1.651181e-002;4.753585e-002;3.234065e-002
169;1.690000;1.856243e+001;-1.434471e+001;4.418588e+000;-5.616464e-001;-7.853968e+000;-3.220534e+000;5.512598e+000;2.748785e+000;-7.312432e+000;-2.887363e+000;5.193536e+000;3.022093e+000;-4.806848e+000;-4.102107e+000;3.692298e+000;4.505095e+000;-3.941409e+000;-4.790636e+000;2.789971e+000;4.891539e+000;-2.158787e+000;-5.260603e+000;1.354794e+000;5.460426e+000;-8.088596e-001
170;1.700000;-7.236666e+000;-6.134617e+000;2.109266e+001;-1.761304e+001;-1.256334e+001;1.637327e+001;6.792520e-001;-1.327872e+001;2.976228e+000;6.790861e+000;-4.974808e+000;-1.656482e+000;1.306974e+000;-5.341145e-001;1.789624e+000;-1.215653e+000;-3.847825e+000;4.237820e+000;2.003666e+000;-5.767455e+000;6.507021e-001;4.537092e+000;-2.618806e+000;-2.033657e+000;2.190358e+000
171;1.710000;-2.881341e+001;-3.883569e+000;3.236900e+001;-1.865608e+001;-1.809799e+001;1.197697e+001;2.297528e+000;-2.294206e+000;7.249513e-001;-7.381449e+000;2.022333e+000;7.882573e+000;-5.375784e+000;-2.594224e+000;9.502463e-001;-1.659701e-001;2.931611e+000;-2.350933e-001;-5.482152e+000;1.708173e+000;3.633353e+000;-1.444755e+000;-5.408273e-001;-1.502243e+000;-9.221832e-001
172;1.720000;-3.231290e+001;8.453664e+000;1.359593e+000;2.889804e+000;-2.763456e+001;2.745317e+001;-6.365188e+000;-1.056060e+001;3.064749e+000;5.015546e+000;-3.091300e+000;-5.084075e+000;6.140278e+000;-4.894140e+000;6.021881e+000;-4.173671e+000;-2.101799e+000;3.457935e+000;1.334381e+000;-4.168294e+000;-1.794920e+000;8.460964e+000;-6.141035e+000;7.826301e-001;-4.544641e-002
173;1.730000;-2.015654e+001;-4.657863e+001;-1.987593e+001;-3.137195e+000;8.574409e+000;9.373851e+000;2.525980e+000;-3.698187e+000;-5.481021e+000;-2.656714e+000;1.073706e+000;4.025977e+000;3.053964e+000;-3.899111e-001;-2.635138e+000;-3.053502e+000;-6.028228e-001;2.155149e+000;2.773732e+000;9.947452e-001;-1.307153e+000;-2.395427e+000;-1.668609e+000;6.029062e-001;2.380675e+000
174;1.740000;-3.245220e+001;2.143164e+001;-1.367951e+001;2.095976e+000;-1.364550e+001;1.179515e+001;-1.193416e+000;-8.509391e+000;1.643489e+000;6.279882e+000;-2.264759e+000;-1.217183e+001;1.581732e+001;-4.249256e+000;-9.307357e+000;1.041317e+001;-4.725615e+000;2.326666e+000;-3.793124e+000;8.457062e-001;6.197748e+000;-9.126705e+000;4.026652e+000;2.722678e+000;-4.695919e+000
