2.478417e+000;5.974797e+000;6.990376e+000;6.784532e+000;3.955284e+000;6.692719e+000;9.117857e+000;9.332162e+000;1.376511e+001;1.382978e+001;7.845540e+000;5.433312e+000;1.657878e+001;2.067099e+001;1.365683e+001;1.068854e+001;1.066140e+001;1.165603e+001;1.180441e+001;1.163415e+001;1.460539e+001;1.387032e+001;1.743915e+001;1.787540e+001;1.678911e+001;1.396531e+001
2.337083e+000;3.990443e+000;3.892573e+000;4.730701e+000;5.366261e+000;6.178072e+000;8.498853e+000;9.621081e+000;1.040701e+001;9.640165e+000;9.196645e+000;1.275865e+001;3.679396e+001;3.638004e+001;2.854634e+001;3.028404e+001;2.429327e+001;2.735595e+001;2.163742e+001;3.739722e+001;3.303421e+001;3.077513e+001;3.989941e+001;3.707346e+001;2.695192e+001;1.820880e+001
2.444259e+000;4.665447e+000;5.486218e+000;7.142334e+000;4.646196e+000;6.234192e+000;1.027238e+001;1.308711e+001;1.512223e+001;1.521938e+001;1.296929e+001;1.603419e+001;5.138387e+001;6.277728e+001;5.002987e+001;5.865860e+001;3.584227e+001;4.431993e+001;5.501122e+001;8.900385e+001;7.078007e+001;5.748990e+001;5.484795e+001;5.657293e+001;4.824720e+001;2.692823e+001
2.477085e+000;5.812645e+000;5.283617e+000;7.357662e+000;6.333083e+000;1.262253e+001;1.429403e+001;1.306467e+001;1.278382e+001;1.094461e+001;1.185064e+001;2.083015e+001;5.739709e+001;8.215427e+001;8.166596e+001;8.878697e+001;6.019543e+001;6.261056e+001;1.317412e+002;1.603701e+002;1.235159e+002;9.678099e+001;1.078271e+002;1.278095e+002;8.027840e+001;4.053878e+001
3.206921e+000;6.024082e+000;7.077757e+000;8.813278e+000;1.011832e+001;1.473254e+001;1.156260e+001;1.210773e+001;9.328165e+000;8.060570e+000;1.419410e+001;2.450531e+001;7.667924e+001;1.079893e+002;7.912012e+001;9.225191e+001;1.011110e+002;1.013724e+002;1.451096e+002;1.865684e+002;1.419090e+002;1.092250e+002;1.483393e+002;1.592430e+002;1.014755e+002;5.607248e+001
2.599247e+000;6.857632e+000;5.424776e+000;8.635815e+000;9.192495e+000;7.085207e+000;7.208201e+000;9.873672e+000;1.111569e+001;1.732841e+001;1.981774e+001;2.114374e+001;7.288485e+001;1.052990e+002;1.087487e+002;1.070010e+002;9.166238e+001;9.964489e+001;2.205706e+002;3.221453e+002;1.881618e+002;1.501824e+002;2.664286e+002;2.585537e+002;1.561768e+002;8.843137e+001
2.925224e+000;6.534771e+000;9.908745e+000;1.312840e+001;8.704162e+000;7.409240e+000;9.967258e+000;1.215240e+001;1.616326e+001;1.716333e+001;2.415244e+001;3.008073e+001;8.916452e+001;1.214130e+002;1.883562e+002;1.277489e+002;1.263032e+002;1.488037e+002;2.764954e+002;3.956481e+002;2.909544e+002;2.244344e+002;2.755193e+002;3.632434e+002;2.146776e+002;1.320995e+002
1.543673e+000;5.137106e+000;9.566716e+000;7.891005e+000;7.300127e+000;1.413971e+001;1.087850e+001;1.013568e+001;1.382217e+001;1.776290e+001;2.448893e+001;3.057033e+001;1.237553e+002;1.951103e+002;2.370987e+002;2.094505e+002;1.487079e+002;1.877558e+002;3.122527e+002;4.472317e+002;3.914743e+002;3.526882e+002;4.441920e+002;4.877094e+002;2.757169e+002;1.891555e+002
3.117013e+000;7.635607e+000;1.130897e+001;6.455143e+000;8.850557e+000;1.618490e+001;1.177553e+001;1.277942e+001;1.984811e+001;2.301203e+001;2.925302e+001;3.268014e+001;9.783995e+001;1.544860e+002;1.897002e+002;1.791149e+002;1.559028e+002;2.008236e+002;3.628893e+002;5.802717e+002;5.978864e+002;5.666025e+002;7.733965e+002;8.115891e+002;4.420190e+002;2.432765e+002
3.958888e+000;1.027432e+001;9.287909e+000;8.603496e+000;1.122191e+001;1.510934e+001;1.773637e+001;1.196112e+001;1.670193e+001;2.004703e+001;2.566654e+001;3.245847e+001;7.797601e+001;1.245193e+002;1.851238e+002;2.115950e+002;1.743658e+002;1.897477e+002;3.422082e+002;7.471308e+002;6.682405e+002;6.459073e+002;8.050734e+002;9.424446e+002;6.660054e+002;3.517416e+002
5.143548e+000;1.301316e+001;1.434229e+001;9.348536e+000;9.186826e+000;1.379264e+001;1.519257e+001;1.123804e+001;1.923265e+001;2.034466e+001;2.804542e+001;3.651382e+001;6.527378e+001;1.050788e+002;2.037619e+002;2.116519e+002;1.545467e+002;1.490644e+002;3.460139e+002;6.556199e+002;5.139461e+002;6.354799e+002;9.416878e+002;1.031958e+003;7.236021e+002;4.413004e+002
3.220155e+000;8.042301e+000;1.052987e+001;1.091329e+001;1.145193e+001;1.306516e+001;1.362659e+001;1.490777e+001;1.621613e+001;1.732351e+001;2.700886e+001;4.045445e+001;9.842477e+001;1.635351e+002;2.200379e+002;1.608655e+002;1.478397e+002;1.816687e+002;3.909916e+002;6.326173e+002;6.354665e+002;6.388760e+002;9.950704e+002;1.265525e+003;7.710437e+002;5.395991e+002
3.013501e+000;8.629745e+000;1.634304e+001;1.661496e+001;9.853976e+000;9.782926e+000;1.339538e+001;1.271324e+001;1.285187e+001;1.727659e+001;2.228274e+001;4.064175e+001;8.263239e+001;1.215251e+002;1.717954e+002;1.835024e+002;1.756623e+002;1.830665e+002;2.678174e+002;6.240999e+002;8.802823e+002;8.601083e+002;1.237995e+003;1.397390e+003;9.343569e+002;6.147937e+002
3.985187e+000;7.900785e+000;8.483412e+000;7.700783e+000;1.110526e+001;1.240389e+001;1.394663e+001;1.586838e+001;1.651449e+001;1.640673e+001;2.118379e+001;3.849710e+001;9.066408e+001;1.440257e+002;1.787483e+002;1.850227e+002;1.575552e+002;1.548304e+002;2.300267e+002;5.300992e+002;8.107335e+002;7.472292e+002;1.119680e+003;1.198909e+003;1.069961e+003;7.497113e+002
1.938595e+000;3.931210e+000;5.109574e+000;9.007985e+000;1.408398e+001;1.434262e+001;1.113715e+001;1.201805e+001;1.215434e+001;1.606678e+001;2.314789e+001;3.044293e+001;8.828193e+001;1.338336e+002;1.505419e+002;1.677319e+002;1.592471e+002;1.866331e+002;2.305542e+002;5.367159e+002;7.157467e+002;7.522659e+002;1.025113e+003;1.426445e+003;1.118861e+003;7.843551e+002
1.292130e+000;3.132427e+000;5.251109e+000;6.796146e+000;1.554437e+001;1.294072e+001;1.164585e+001;1.672868e+001;1.579849e+001;1.784851e+001;2.092526e+001;4.093177e+001;8.430606e+001;1.641463e+002;2.130845e+002;1.737909e+002;1.460760e+002;1.741140e+002;2.115629e+002;4.264737e+002;6.192415e+002;7.360367e+002;1.170630e+003;1.360817e+003;1.025880e+003;6.796749e+002
1.938579e+000;3.627241e+000;5.840229e+000;9.315166e+000;1.226802e+001;1.454816e+001;1.598684e+001;1.705569e+001;1.899372e+001;2.212091e+001;2.375257e+001;4.908240e+001;9.117863e+001;1.303171e+002;1.562656e+002;1.292317e+002;1.117463e+002;1.275946e+002;2.120032e+002;4.106367e+002;6.468402e+002;6.372850e+002;9.292531e+002;1.115174e+003;8.546147e+002;5.008329e+002
2.598078e+000;6.510770e+000;6.607677e+000;1.255152e+001;1.418494e+001;1.197213e+001;1.191993e+001;1.286722e+001;1.881459e+001;1.972574e+001;3.327425e+001;5.291080e+001;8.022015e+001;1.729476e+002;1.695480e+002;1.492587e+002;1.060234e+002;1.385464e+002;2.339167e+002;4.678967e+002;7.530573e+002;6.277228e+002;9.834989e+002;1.103160e+003;1.095011e+003;6.592090e+002
2.551933e+000;7.056162e+000;8.627978e+000;9.348818e+000;1.213907e+001;1.062026e+001;7.789139e+000;1.307965e+001;1.712143e+001;1.930348e+001;4.340312e+001;4.503133e+001;9.353619e+001;1.527830e+002;2.306847e+002;1.839844e+002;1.348126e+002;1.352737e+002;2.041426e+002;5.094951e+002;7.623127e+002;6.176118e+002;9.756672e+002;1.027095e+003;1.049984e+003;6.084303e+002
2.888048e+000;6.460007e+000;1.071548e+001;9.710536e+000;1.365662e+001;1.074961e+001;1.036141e+001;1.260561e+001;1.188974e+001;1.800560e+001;3.441662e+001;4.811068e+001;1.056169e+002;1.423566e+002;1.802363e+002;1.635566e+002;1.432879e+002;1.481189e+002;2.324279e+002;4.183011e+002;5.637968e+002;6.470677e+002;9.122819e+002;1.195687e+003;8.886755e+002;5.548431e+002
2.258893e+000;6.404200e+000;1.544143e+001;4.192761e+001;5.050211e+001;3.859490e+001;4.189172e+001;4.276102e+001;4.067719e+001;4.253988e+001;5.567926e+001;8.391185e+001;1.478493e+002;1.702937e+002;2.391991e+002;2.134851e+002;2.353363e+002;2.368734e+002;2.538009e+002;4.785610e+002;4.461331e+002;4.906877e+002;7.941807e+002;1.000198e+003;6.974927e+002;4.058384e+002
2.309598e+000;5.560330e+000;3.067650e+001;8.285394e+001;5.943119e+001;6.984583e+001;1.029162e+002;4.993245e+001;7.719048e+001;6.109021e+001;9.171324e+001;2.042498e+002;1.895195e+002;1.307043e+002;2.329742e+002;1.745356e+002;1.529929e+002;1.829216e+002;1.680974e+002;2.486070e+002;2.072422e+002;2.387374e+002;3.744781e+002;4.986028e+002;3.785157e+002;1.985865e+002
2.077710e+000;3.835778e+000;4.040827e+001;1.028014e+002;5.429884e+001;1.011105e+002;1.487738e+002;5.182192e+001;1.114911e+002;9.679471e+001;1.556320e+002;2.447007e+002;2.129648e+002;1.363393e+002;2.590379e+002;1.872246e+002;1.089487e+002;1.556539e+002;1.138177e+002;1.426744e+002;9.172926e+001;8.015851e+001;1.088040e+002;1.232110e+002;1.362875e+002;1.591537e+002
1.004011e+000;2.515954e+000;4.551399e+001;1.000428e+002;3.989957e+001;1.304094e+002;1.675097e+002;7.040271e+001;1.247923e+002;1.923854e+002;2.174907e+002;1.138048e+002;1.001046e+002;8.348318e+001;1.144431e+002;1.891243e+002;1.365134e+002;1.482896e+002;8.995796e+001;1.624216e+002;1.060874e+002;6.519428e+001;6.094390e+001;6.456087e+001;1.477104e+002;1.718353e+002
9.873179e-001;2.576933e+000;4.773767e+001;8.943834e+001;2.717307e+001;1.672459e+002;1.806643e+002;9.910201e+001;1.338669e+002;2.532192e+002;2.235737e+002;7.277294e+001;4.997364e+001;5.209248e+001;6.379977e+001;1.393096e+002;2.045370e+002;1.069434e+002;1.052206e+002;1.270328e+002;7.917024e+001;5.907677e+001;4.332948e+001;5.733216e+001;1.377095e+002;1.473785e+002
8.102765e-001;2.978254e+000;4.891008e+001;8.042566e+001;2.742211e+001;2.102351e+002;1.918652e+002;1.305162e+002;1.386700e+002;1.416492e+002;1.197187e+002;6.179153e+001;3.576153e+001;3.666488e+001;4.523851e+001;9.719707e+001;1.702083e+002;1.227383e+002;1.292719e+002;1.414529e+002;6.565683e+001;5.764822e+001;5.062607e+001;5.896666e+001;1.407426e+002;1.261948e+002
1.143838e+000;5.170923e+000;5.015009e+001;7.261888e+001;6.447997e+001;2.697533e+002;1.907089e+002;1.592188e+002;1.362267e+002;1.027297e+002;6.976971e+001;6.447020e+001;4.041957e+001;3.317589e+001;4.224986e+001;6.208518e+001;1.983398e+002;1.440651e+002;1.432140e+002;2.114179e+002;1.078445e+002;4.171083e+001;4.114645e+001;5.589663e+001;1.584892e+002;1.324978e+002
8.232002e-001;6.877095e+000;5.050562e+001;6.357475e+001;1.191775e+002;3.353973e+002;1.810673e+002;1.608113e+002;1.061511e+002;1.045553e+002;7.020631e+001;6.163983e+001;4.342759e+001;4.619133e+001;4.095292e+001;6.051069e+001;1.414728e+002;1.419605e+002;1.189542e+002;2.268706e+002;1.438768e+002;4.656364e+001;4.071813e+001;5.892937e+001;1.875484e+002;1.493243e+002
1.044792e+000;9.803038e+000;5.036571e+001;5.329129e+001;2.281200e+002;4.281477e+002;1.643235e+002;1.424480e+002;1.981402e+002;1.943907e+002;9.402634e+001;6.929018e+001;7.233146e+001;6.340009e+001;4.806398e+001;7.898109e+001;2.024576e+002;2.138197e+002;1.809233e+002;3.218413e+002;1.488092e+002;7.028596e+001;4.903010e+001;8.647181e+001;2.025215e+002;2.002139e+002
1.683545e+000;1.253212e+001;4.850247e+001;4.345937e+001;3.343671e+002;4.656323e+002;1.669363e+002;1.566177e+002;3.981264e+002;3.009423e+002;1.472029e+002;7.727601e+001;8.611312e+001;8.626426e+001;6.056374e+001;1.199046e+002;2.813203e+002;2.903626e+002;2.438463e+002;4.462999e+002;1.757423e+002;8.907207e+001;5.125766e+001;1.288550e+002;2.198647e+002;2.471589e+002
1.473269e+000;1.474287e+001;4.677709e+001;5.610939e+001;3.313804e+002;3.431396e+002;2.587430e+002;2.399866e+002;4.705511e+002;2.837935e+002;1.626334e+002;1.115378e+002;9.373212e+001;9.496184e+001;6.935207e+001;1.333716e+002;3.050231e+002;2.980349e+002;3.556964e+002;5.901320e+002;1.873046e+002;1.160685e+002;7.782262e+001;1.429326e+002;2.412437e+002;3.140086e+002
2.477074e+000;1.793754e+001;4.461221e+001;8.380774e+001;2.720731e+002;2.256208e+002;3.463570e+002;2.552556e+002;3.129457e+002;2.897090e+002;1.539013e+002;9.733369e+001;7.877290e+001;7.672263e+001;7.563607e+001;1.236494e+002;3.435495e+002;2.801036e+002;3.649682e+002;5.850942e+002;1.376512e+002;1.219860e+002;1.118742e+002;1.229300e+002;2.374248e+002;3.121734e+002
9.556388e-001;1.997146e+001;4.293360e+001;1.022525e+002;2.172610e+002;3.112865e+002;4.184583e+002;2.082591e+002;3.471776e+002;3.668613e+002;1.473346e+002;7.621350e+001;7.459731e+001;7.260822e+001;7.270796e+001;1.220552e+002;3.074728e+002;2.251413e+002;3.612664e+002;5.328025e+002;1.134709e+002;1.248589e+002;1.533015e+002;1.296936e+002;2.315430e+002;2.766020e+002
1.629511e+000;2.148331e+001;3.864218e+001;1.009974e+002;1.521407e+002;4.525853e+002;4.446464e+002;1.442148e+002;4.429669e+002;3.756904e+002;1.904946e+002;1.065460e+002;9.328719e+001;8.377135e+001;8.033579e+001;1.646621e+002;3.463573e+002;2.249781e+002;3.934038e+002;5.579722e+002;1.252466e+002;1.401214e+002;2.149195e+002;1.961737e+002;2.241899e+002;2.480197e+002
1.941612e+000;2.152805e+001;3.432660e+001;9.258157e+001;1.496271e+002;5.309337e+002;3.905710e+002;2.290034e+002;3.835172e+002;4.129771e+002;2.177020e+002;1.144051e+002;8.945141e+001;8.387910e+001;8.545323e+001;1.710548e+002;3.586633e+002;1.807828e+002;3.536021e+002;5.151704e+002;1.330045e+002;1.144007e+002;2.267755e+002;2.272867e+002;1.961886e+002;1.702154e+002
2.723483e+000;2.074028e+001;3.137500e+001;8.750571e+001;2.054199e+002;4.870761e+002;2.745935e+002;2.441518e+002;3.497314e+002;5.241081e+002;1.806432e+002;1.090984e+002;6.621461e+001;7.688818e+001;7.674519e+001;1.829403e+002;3.004182e+002;1.579349e+002;2.866961e+002;3.857487e+002;1.187355e+002;6.785862e+001;1.765594e+002;1.778367e+002;1.388000e+002;7.878696e+001
2.880656e+000;1.981526e+001;2.900936e+001;7.872898e+001;1.918455e+002;3.554973e+002;1.724226e+002;1.711137e+002;3.285933e+002;4.591162e+002;1.637726e+002;1.170061e+002;7.098186e+001;6.801405e+001;5.317446e+001;1.178631e+002;2.439637e+002;1.247577e+002;1.953216e+002;2.606630e+002;8.820712e+001;3.993921e+001;1.103699e+002;1.397774e+002;1.079068e+002;5.405561e+001
2.532515e+000;1.745459e+001;2.546612e+001;6.454964e+001;1.361766e+002;1.880204e+002;7.617563e+001;9.414645e+001;1.805645e+002;1.991023e+002;1.310127e+002;8.104852e+001;5.822974e+001;5.728904e+001;4.662531e+001;7.994214e+001;1.392018e+002;7.390992e+001;1.403106e+002;1.723049e+002;5.532813e+001;3.293929e+001;7.772582e+001;8.842645e+001;6.705567e+001;5.124220e+001
2.201072e+000;1.442756e+001;2.172440e+001;4.869072e+001;5.572641e+001;6.640720e+001;3.966034e+001;3.910468e+001;7.325899e+001;8.028873e+001;7.443668e+001;5.972490e+001;3.485345e+001;3.364646e+001;2.907470e+001;3.846559e+001;7.619106e+001;4.225427e+001;6.502365e+001;8.525555e+001;4.183434e+001;2.619023e+001;5.016584e+001;4.304515e+001;4.594451e+001;4.863590e+001
2.173145e+000;1.211323e+001;1.647574e+001;3.291776e+001;3.023497e+001;3.442485e+001;2.248594e+001;2.586781e+001;5.225088e+001;5.513713e+001;4.598793e+001;5.223021e+001;3.313655e+001;3.559492e+001;2.765845e+001;3.297863e+001;6.955095e+001;4.683897e+001;4.760005e+001;6.358352e+001;3.535157e+001;3.076993e+001;4.190757e+001;3.285389e+001;3.561924e+001;3.681422e+001
2.039411e+000;1.167969e+001;1.504488e+001;2.820605e+001;2.249160e+001;3.215701e+001;1.575698e+001;1.996806e+001;2.962010e+001;2.963512e+001;3.073086e+001;4.061673e+001;3.228616e+001;3.108381e+001;2.733742e+001;3.700082e+001;8.930091e+001;5.547056e+001;2.894884e+001;4.628391e+001;3.601192e+001;4.017858e+001;2.911920e+001;3.162048e+001;3.263828e+001;2.477137e+001
1.817132e+000;1.128654e+001;1.447881e+001;2.901690e+001;2.486428e+001;2.906761e+001;1.588210e+001;1.810850e+001;2.431918e+001;2.225018e+001;2.569103e+001;3.556956e+001;3.608335e+001;2.810202e+001;3.346066e+001;4.507669e+001;7.857236e+001;3.898068e+001;2.121098e+001;3.765257e+001;3.476854e+001;4.075436e+001;2.403800e+001;2.873232e+001;3.578716e+001;2.118592e+001
2.057261e+000;1.147904e+001;1.445279e+001;2.785290e+001;1.867462e+001;1.982565e+001;1.463181e+001;1.523844e+001;2.911423e+001;3.063322e+001;2.941152e+001;3.904167e+001;4.165583e+001;3.017071e+001;3.087881e+001;5.818501e+001;7.400808e+001;2.070966e+001;2.897936e+001;4.664980e+001;3.187439e+001;2.850063e+001;2.627369e+001;3.374155e+001;3.502114e+001;1.911071e+001
1.794354e+000;1.111652e+001;1.434825e+001;2.951163e+001;1.936550e+001;1.649829e+001;1.215343e+001;1.338092e+001;1.749977e+001;2.339705e+001;2.215928e+001;4.154966e+001;4.014333e+001;2.879864e+001;3.078560e+001;4.606435e+001;4.022791e+001;2.060641e+001;3.542890e+001;4.112316e+001;2.883486e+001;2.639222e+001;2.925469e+001;2.779424e+001;2.746551e+001;1.616961e+001
1.657668e+000;1.092090e+001;1.419171e+001;2.983039e+001;2.317903e+001;3.326975e+001;1.732108e+001;1.578471e+001;2.172765e+001;1.623754e+001;2.187872e+001;3.709071e+001;3.287904e+001;2.952961e+001;2.951759e+001;2.688780e+001;2.546030e+001;3.631752e+001;3.833857e+001;3.674621e+001;2.443653e+001;2.241863e+001;2.447725e+001;2.436731e+001;2.393897e+001;1.711368e+001
1.782796e+000;1.167899e+001;1.501724e+001;2.760151e+001;2.290988e+001;2.521916e+001;1.391586e+001;1.334162e+001;1.714465e+001;1.837358e+001;1.947970e+001;2.723232e+001;2.465590e+001;2.949386e+001;2.686053e+001;1.711805e+001;3.210704e+001;4.793786e+001;2.945175e+001;2.699042e+001;2.184947e+001;2.061472e+001;2.249891e+001;2.894450e+001;2.346882e+001;1.902331e+001
1.443541e+000;1.197245e+001;1.657187e+001;2.627005e+001;2.360451e+001;1.082954e+001;1.106340e+001;1.407244e+001;1.695263e+001;1.720897e+001;2.201930e+001;2.008011e+001;2.182780e+001;2.869069e+001;3.456832e+001;1.860512e+001;2.987090e+001;4.490446e+001;3.871262e+001;3.301025e+001;2.734796e+001;2.392346e+001;3.055223e+001;3.166667e+001;3.027220e+001;2.319517e+001
1.308861e+000;1.214125e+001;1.798837e+001;2.533484e+001;2.890488e+001;1.790402e+001;1.313132e+001;1.000560e+001;1.246497e+001;1.798745e+001;1.944675e+001;1.659520e+001;1.720340e+001;2.724956e+001;4.015654e+001;1.656257e+001;2.079598e+001;3.439758e+001;3.888934e+001;2.147432e+001;1.612097e+001;1.505728e+001;2.210040e+001;2.209593e+001;2.692004e+001;2.497395e+001
1.016828e+000;1.075374e+001;1.715883e+001;2.384665e+001;2.946656e+001;2.381894e+001;1.314241e+001;1.328690e+001;1.801412e+001;2.390158e+001;1.970479e+001;1.911631e+001;1.782049e+001;2.217253e+001;3.851644e+001;3.318053e+001;2.131785e+001;3.442927e+001;4.829260e+001;3.790836e+001;4.368848e+001;8.135342e+001;6.885291e+001;5.443607e+001;4.539859e+001;3.154494e+001
9.506301e-001;9.522163e+000;1.774961e+001;2.630801e+001;3.968225e+001;2.289101e+001;1.230007e+001;1.481508e+001;2.220333e+001;2.109432e+001;2.137749e+001;2.483806e+001;2.535824e+001;2.875333e+001;6.378242e+001;6.047746e+001;3.377173e+001;5.950374e+001;1.001510e+002;7.942887e+001;7.651773e+001;1.367798e+002;1.329125e+002;1.522781e+002;1.367693e+002;7.892542e+001
9.528342e-001;1.225988e+001;2.492619e+001;3.647630e+001;6.498852e+001;3.220216e+001;2.915884e+001;2.115630e+001;2.532214e+001;2.486155e+001;2.486068e+001;2.756896e+001;2.945743e+001;4.890145e+001;1.049808e+002;8.552740e+001;7.167848e+001;1.193588e+002;1.878636e+002;1.375449e+002;1.386562e+002;1.646283e+002;1.733492e+002;2.069304e+002;1.927153e+002;1.085288e+002
1.340165e+000;1.447252e+001;3.671743e+001;4.883284e+001;1.491816e+002;1.154668e+002;6.025156e+001;3.908191e+001;3.503782e+001;4.382310e+001;3.601402e+001;4.490249e+001;6.342756e+001;1.268194e+002;2.739489e+002;1.512454e+002;1.479989e+002;2.652894e+002;3.231487e+002;2.429344e+002;2.022843e+002;1.607695e+002;2.540613e+002;2.913338e+002;2.293913e+002;1.413137e+002
8.053392e-001;1.271069e+001;4.100753e+001;4.055331e+001;2.687317e+002;3.279775e+002;1.100023e+002;7.803212e+001;6.666323e+001;8.260625e+001;9.248550e+001;1.073163e+002;1.514092e+002;2.900495e+002;4.561565e+002;3.891306e+002;2.875671e+002;4.078768e+002;3.621764e+002;3.821000e+002;3.023430e+002;1.575566e+002;2.341201e+002;2.988352e+002;3.234091e+002;1.664175e+002
1.130438e+000;9.906878e+000;3.852791e+001;3.380099e+001;2.677552e+002;4.345309e+002;2.402280e+002;2.222105e+002;1.451213e+002;1.402308e+002;1.528534e+002;1.920448e+002;2.935448e+002;6.659968e+002;5.419703e+002;5.433948e+002;5.387444e+002;4.984720e+002;4.281001e+002;4.974158e+002;3.030070e+002;2.388141e+002;2.655522e+002;2.686217e+002;3.496141e+002;2.380521e+002
1.658952e+000;9.264986e+000;3.616661e+001;3.378027e+001;1.590477e+002;2.164843e+002;3.222608e+002;4.227637e+002;1.636085e+002;1.420150e+002;1.470470e+002;1.966138e+002;4.155367e+002;6.923401e+002;4.031111e+002;3.867026e+002;4.883683e+002;3.210495e+002;3.391664e+002;4.263609e+002;3.100687e+002;2.166550e+002;2.711508e+002;2.375311e+002;2.732374e+002;1.497444e+002
9.481834e-001;7.025364e+000;3.353265e+001;3.253517e+001;1.171315e+002;1.727691e+002;3.822033e+002;6.921628e+002;2.516996e+002;1.800500e+002;2.698999e+002;3.783257e+002;7.053785e+002;5.996748e+002;4.388504e+002;5.014720e+002;7.082702e+002;4.171817e+002;2.825020e+002;4.150406e+002;3.804757e+002;3.193915e+002;4.548837e+002;4.179378e+002;5.200443e+002;2.382096e+002
1.555603e+000;6.066674e+000;3.037568e+001;3.271611e+001;9.240824e+001;1.564255e+002;3.303543e+002;7.036577e+002;3.221177e+002;3.266509e+002;4.551511e+002;7.524471e+002;8.365335e+002;6.557041e+002;4.895504e+002;7.070038e+002;7.946596e+002;4.682112e+002;3.417784e+002;2.990374e+002;3.849028e+002;2.609580e+002;4.742759e+002;4.673514e+002;6.011567e+002;2.290534e+002
1.840662e+000;6.991646e+000;2.729837e+001;3.401608e+001;6.235801e+001;1.504855e+002;2.078020e+002;5.370668e+002;3.003232e+002;3.725829e+002;4.698402e+002;8.358549e+002;8.906281e+002;5.144178e+002;4.306851e+002;7.203618e+002;8.180225e+002;3.953211e+002;2.733198e+002;4.175447e+002;6.166836e+002;2.472355e+002;4.423397e+002;4.963167e+002;5.859584e+002;2.218411e+002
1.312892e+000;3.663964e+000;2.486326e+001;3.559653e+001;4.470514e+001;1.550237e+002;1.309779e+002;5.232693e+002;3.794205e+002;3.337108e+002;4.620627e+002;7.380966e+002;9.214943e+002;3.905874e+002;3.411656e+002;5.468605e+002;7.999733e+002;3.208501e+002;2.002678e+002;5.049460e+002;7.705364e+002;3.031255e+002;3.826766e+002;4.398257e+002;5.108129e+002;2.106491e+002
1.617571e+000;3.760149e+000;2.234215e+001;4.010105e+001;1.818841e+001;1.594574e+002;1.727613e+002;4.699342e+002;4.893860e+002;1.962908e+002;3.274497e+002;6.022391e+002;5.096257e+002;3.125127e+002;2.811288e+002;3.845282e+002;5.230616e+002;2.911588e+002;1.489176e+002;5.575010e+002;7.414847e+002;2.936150e+002;3.160484e+002;4.228859e+002;4.658118e+002;1.892442e+002
1.481668e+000;3.643697e+000;2.086312e+001;4.304559e+001;2.284724e+001;1.793322e+002;2.289719e+002;2.225706e+002;3.563695e+002;1.905876e+002;2.606712e+002;5.737949e+002;4.006203e+002;2.165599e+002;2.063562e+002;3.186864e+002;5.514803e+002;1.962059e+002;1.356196e+002;4.666408e+002;7.281021e+002;2.615993e+002;2.072362e+002;3.587845e+002;3.918478e+002;1.977590e+002
1.122870e+000;2.509978e+000;1.914621e+001;3.894746e+001;4.204839e+001;2.124290e+002;2.259064e+002;1.074845e+002;1.904450e+002;1.688246e+002;2.204690e+002;4.184483e+002;3.049584e+002;1.667867e+002;1.538320e+002;2.375558e+002;4.158110e+002;1.692932e+002;7.135905e+001;3.622915e+002;6.527178e+002;1.873794e+002;1.066815e+002;2.095064e+002;2.423528e+002;1.444706e+002
1.520269e+000;3.484053e+000;1.936122e+001;4.281427e+001;3.303624e+001;1.149003e+002;1.240903e+002;5.413597e+001;9.517271e+001;9.863534e+001;1.469720e+002;1.498722e+002;1.150628e+002;9.536310e+001;9.135609e+001;1.324991e+002;1.946525e+002;8.274244e+001;3.938045e+001;1.874880e+002;2.471051e+002;5.918602e+001;4.662484e+001;1.373591e+002;1.547610e+002;9.288358e+001
1.290865e+000;3.612327e+000;2.116566e+001;5.122296e+001;2.569222e+001;1.038001e+002;1.577658e+002;5.433178e+001;1.060429e+002;9.225042e+001;1.627207e+002;1.028460e+002;1.005452e+002;8.253838e+001;1.101098e+002;8.350584e+001;1.000241e+002;6.979989e+001;4.579894e+001;1.146094e+002;1.571456e+002;6.117316e+001;7.175963e+001;1.790497e+002;2.196365e+002;1.404453e+002
2.065202e+000;5.549632e+000;2.397732e+001;5.615586e+001;2.920412e+001;1.906745e+002;3.139097e+002;1.029449e+002;1.336940e+002;8.775162e+001;1.341626e+002;1.908866e+002;1.700046e+002;9.068431e+001;1.008985e+002;1.124823e+002;1.534059e+002;1.082693e+002;6.777371e+001;1.091385e+002;2.287968e+002;1.004794e+002;9.438656e+001;2.496104e+002;2.918310e+002;1.881122e+002
2.424361e+000;6.290511e+000;2.708735e+001;5.655675e+001;2.677274e+001;3.265753e+002;5.011726e+002;1.412833e+002;1.268469e+002;1.556015e+002;2.311593e+002;4.572985e+002;3.724090e+002;1.648890e+002;1.497184e+002;1.760746e+002;1.293031e+002;1.710530e+002;1.131399e+002;1.603820e+002;2.802935e+002;1.660874e+002;1.178860e+002;2.283666e+002;3.007859e+002;1.898150e+002
2.185856e+000;4.799171e+000;2.811689e+001;5.608473e+001;2.194954e+001;4.027042e+002;5.362686e+002;1.417667e+002;2.141219e+002;2.337765e+002;3.197343e+002;8.269680e+002;6.060704e+002;2.107993e+002;1.814236e+002;2.292851e+002;2.088100e+002;2.749105e+002;1.382531e+002;2.178407e+002;3.532405e+002;1.774648e+002;1.624413e+002;2.907476e+002;4.020121e+002;3.113521e+002
7.600056e-001;2.693599e+000;2.987990e+001;5.699144e+001;2.853632e+001;4.205949e+002;4.784537e+002;1.622738e+002;2.305411e+002;2.481244e+002;3.107819e+002;9.854619e+002;6.007144e+002;2.241723e+002;2.179762e+002;2.367518e+002;2.927202e+002;3.491947e+002;1.565588e+002;2.270021e+002;3.067516e+002;1.442978e+002;1.832336e+002;3.071031e+002;3.720406e+002;2.949435e+002
8.331246e-001;2.815680e+000;3.312010e+001;5.679370e+001;6.608094e+001;4.588197e+002;4.198714e+002;1.560145e+002;1.759148e+002;2.431336e+002;4.090055e+002;8.895957e+002;3.848166e+002;2.345125e+002;2.277539e+002;2.021373e+002;3.778655e+002;3.890996e+002;1.571623e+002;1.651272e+002;1.800369e+002;1.172309e+002;1.627695e+002;2.761988e+002;2.885682e+002;2.205769e+002
1.782506e+000;5.741496e+000;3.524771e+001;5.266801e+001;1.075646e+002;3.905697e+002;2.840547e+002;1.021050e+002;1.010477e+002;1.942508e+002;4.318044e+002;5.688422e+002;2.381107e+002;1.710419e+002;1.451597e+002;1.383571e+002;2.239517e+002;2.254700e+002;1.449739e+002;1.350802e+002;1.618899e+002;1.024460e+002;1.106105e+002;2.242563e+002;2.587495e+002;1.812130e+002
1.688972e+000;5.661920e+000;2.491943e+001;2.991205e+001;6.506851e+001;1.620129e+002;1.208230e+002;3.484557e+001;4.463758e+001;8.858241e+001;2.434918e+002;2.680967e+002;9.346071e+001;5.843125e+001;5.584301e+001;5.587589e+001;6.374370e+001;1.043229e+002;7.130476e+001;6.407204e+001;7.063789e+001;4.860935e+001;5.881938e+001;1.160148e+002;1.494746e+002;8.997588e+001
9.643309e-001;3.372822e+000;1.998417e+001;2.436353e+001;1.642766e+001;3.846269e+001;3.116319e+001;3.603371e+001;2.025040e+001;2.703095e+001;5.736623e+001;9.561196e+001;6.747997e+001;3.525724e+001;2.818771e+001;2.674962e+001;3.949204e+001;5.673374e+001;3.480598e+001;2.198985e+001;2.310846e+001;1.852385e+001;2.147472e+001;2.985217e+001;3.925034e+001;4.739833e+001
6.990187e-001;2.854736e+000;1.911707e+001;2.309421e+001;1.496558e+001;3.444117e+001;3.206245e+001;2.891494e+001;1.956793e+001;3.244042e+001;6.357439e+001;8.357944e+001;5.875560e+001;2.962852e+001;2.796315e+001;2.920049e+001;3.388853e+001;6.971230e+001;4.507202e+001;2.178424e+001;2.249015e+001;1.777147e+001;2.297165e+001;3.435740e+001;3.874520e+001;4.293995e+001
7.274126e-001;2.856642e+000;1.832131e+001;2.173749e+001;1.485340e+001;3.599770e+001;2.715700e+001;3.754436e+001;2.440295e+001;2.413429e+001;7.483270e+001;8.941450e+001;5.708076e+001;3.462354e+001;2.955850e+001;2.649714e+001;3.919466e+001;8.649574e+001;4.742891e+001;2.159085e+001;2.134459e+001;1.657572e+001;2.070866e+001;3.168243e+001;3.541260e+001;4.377263e+001
5.071816e-001;2.948411e+000;1.748473e+001;1.909182e+001;1.805962e+001;3.969434e+001;2.860456e+001;3.124222e+001;2.196361e+001;2.235055e+001;7.473179e+001;4.865926e+001;2.984483e+001;2.997132e+001;2.387927e+001;2.903234e+001;4.010288e+001;1.027887e+002;4.398959e+001;1.659540e+001;2.277709e+001;1.834225e+001;2.003439e+001;3.088130e+001;3.740020e+001;5.053726e+001
6.504804e-001;3.146207e+000;2.120717e+001;2.770628e+001;4.225208e+001;1.043159e+002;8.534901e+001;7.370180e+001;6.113018e+001;6.149965e+001;1.782701e+002;1.482862e+002;8.684049e+001;7.930712e+001;6.864268e+001;5.057426e+001;7.661495e+001;1.552204e+002;7.652642e+001;8.097575e+001;7.916408e+001;5.762093e+001;5.439474e+001;8.570739e+001;8.031725e+001;6.286234e+001
1.212077e+000;5.832062e+000;3.065605e+001;3.644872e+001;9.218983e+001;2.328895e+002;1.656019e+002;1.861149e+002;1.042263e+002;1.275459e+002;3.318244e+002;3.426954e+002;2.780932e+002;1.437095e+002;1.386153e+002;1.120912e+002;1.389249e+002;3.650301e+002;1.695502e+002;1.894370e+002;1.682492e+002;1.005443e+002;7.316930e+001;1.700326e+002;1.743465e+002;9.766226e+001
7.426378e-001;6.382466e+000;3.152245e+001;3.194645e+001;1.046329e+002;1.769700e+002;1.823144e+002;2.877043e+002;1.230309e+002;1.406905e+002;2.279284e+002;5.276418e+002;4.376334e+002;1.896931e+002;1.854504e+002;1.686969e+002;2.302129e+002;3.858484e+002;1.917917e+002;2.105777e+002;1.761596e+002;1.157684e+002;9.483231e+001;1.604177e+002;1.865796e+002;1.255012e+002
1.474631e+000;7.477172e+000;3.114637e+001;2.906750e+001;1.026835e+002;1.376405e+002;2.702424e+002;3.468674e+002;1.432458e+002;1.746390e+002;2.485898e+002;4.661551e+002;3.595523e+002;2.476846e+002;2.124732e+002;2.192951e+002;2.400917e+002;2.828911e+002;2.105130e+002;2.365216e+002;1.832302e+002;1.254715e+002;1.252239e+002;1.736684e+002;1.875188e+002;1.418303e+002
9.457091e-001;8.352892e+000;3.187679e+001;2.632551e+001;1.028701e+002;1.163571e+002;3.406630e+002;3.547961e+002;1.788531e+002;2.226709e+002;3.048735e+002;4.205160e+002;4.956135e+002;2.765904e+002;2.117590e+002;2.366441e+002;2.796380e+002;2.498494e+002;2.267559e+002;2.559848e+002;1.634078e+002;1.366847e+002;1.585994e+002;1.981254e+002;1.967720e+002;1.675031e+002
1.490265e+000;9.898343e+000;3.266576e+001;2.589714e+001;1.090847e+002;1.150887e+002;3.747403e+002;3.115623e+002;1.947908e+002;2.411416e+002;3.291923e+002;4.888074e+002;6.078187e+002;2.736146e+002;2.050390e+002;2.462567e+002;3.284746e+002;2.512140e+002;2.621872e+002;2.877891e+002;1.818531e+002;1.503089e+002;1.304757e+002;1.606088e+002;1.662280e+002;1.796474e+002
1.726817e+000;1.001198e+001;3.543418e+001;2.916823e+001;1.205785e+002;1.295211e+002;3.376898e+002;2.399225e+002;1.510661e+002;1.860071e+002;2.871590e+002;4.640461e+002;5.614671e+002;2.364680e+002;1.883908e+002;2.676735e+002;2.801724e+002;2.475694e+002;2.934243e+002;2.468753e+002;1.545731e+002;1.463261e+002;6.141682e+001;9.729685e+001;1.469699e+002;1.621266e+002
1.587881e+000;1.075028e+001;3.147294e+001;3.928259e+001;1.325094e+002;1.178409e+002;1.735191e+002;1.331195e+002;1.079168e+002;1.200458e+002;2.194827e+002;3.225568e+002;3.537541e+002;1.758103e+002;1.445478e+002;2.013840e+002;1.701648e+002;1.547320e+002;1.901528e+002;1.359026e+002;1.026770e+002;1.075378e+002;3.897150e+001;6.840167e+001;1.220644e+002;1.301645e+002
1.813783e+000;8.294297e+000;2.354736e+001;2.876687e+001;7.659306e+001;5.442093e+001;5.599770e+001;5.209159e+001;5.684049e+001;6.264866e+001;1.071352e+002;1.809636e+002;1.693274e+002;8.462452e+001;6.450799e+001;9.729279e+001;8.591430e+001;7.993977e+001;7.718906e+001;7.288136e+001;4.915190e+001;4.917786e+001;2.069441e+001;2.960119e+001;5.066666e+001;5.449212e+001
2.558559e+000;1.006736e+001;2.539377e+001;2.696829e+001;5.815258e+001;4.400455e+001;5.301747e+001;6.018431e+001;6.479746e+001;5.542719e+001;6.740913e+001;1.335946e+002;1.197103e+002;5.466639e+001;5.638908e+001;6.290830e+001;7.556052e+001;9.043350e+001;4.713017e+001;8.378487e+001;5.845589e+001;3.286246e+001;1.777406e+001;2.347811e+001;5.011211e+001;3.027403e+001
1.953788e+000;9.922564e+000;2.518278e+001;1.809958e+001;4.847095e+001;3.269538e+001;2.917308e+001;3.972857e+001;4.143191e+001;4.248717e+001;5.536912e+001;1.466303e+002;1.120876e+002;6.997050e+001;5.459060e+001;6.971523e+001;9.703628e+001;9.247531e+001;4.565934e+001;1.056522e+002;8.038390e+001;4.139700e+001;2.331740e+001;2.414263e+001;3.231774e+001;2.415357e+001
1.057767e+000;1.012934e+001;2.447797e+001;2.221979e+001;5.610961e+001;3.425264e+001;2.998595e+001;3.436214e+001;3.150011e+001;3.604750e+001;5.706887e+001;1.433204e+002;1.145272e+002;7.552847e+001;5.204328e+001;8.315684e+001;1.200672e+002;1.089040e+002;5.009531e+001;7.183082e+001;5.998759e+001;4.173637e+001;3.735765e+001;3.226589e+001;3.489251e+001;2.629114e+001
1.129932e+000;1.052832e+001;2.402199e+001;2.773648e+001;6.190138e+001;3.201638e+001;2.952565e+001;3.435183e+001;3.179696e+001;3.730191e+001;6.689152e+001;1.249042e+002;1.430988e+002;5.644925e+001;6.621608e+001;1.171022e+002;1.431144e+002;1.343962e+002;5.869267e+001;9.526719e+001;8.502820e+001;6.142213e+001;4.328696e+001;4.851287e+001;4.334562e+001;2.812881e+001
1.138991e+000;1.230568e+001;2.717408e+001;3.373157e+001;8.887670e+001;5.299909e+001;4.564289e+001;5.605535e+001;4.425705e+001;5.044652e+001;7.908755e+001;1.544725e+002;2.325927e+002;1.259969e+002;9.934728e+001;1.775909e+002;3.062507e+002;2.790333e+002;1.157505e+002;1.419034e+002;1.262430e+002;9.923425e+001;1.273273e+002;1.176594e+002;9.010738e+001;6.770465e+001
1.167250e+000;1.351785e+001;3.476326e+001;5.444481e+001;1.665923e+002;1.150098e+002;6.593879e+001;7.465219e+001;8.001479e+001;8.472053e+001;8.343467e+001;1.859757e+002;3.939444e+002;3.126404e+002;2.122804e+002;3.213224e+002;5.310298e+002;4.993979e+002;1.510638e+002;1.865882e+002;1.678812e+002;1.179432e+002;1.091869e+002;8.825913e+001;6.819504e+001;7.519707e+001
9.818830e-001;1.488655e+001;3.979875e+001;8.130606e+001;2.489056e+002;1.714818e+002;8.085646e+001;9.154486e+001;1.082430e+002;1.090612e+002;9.795265e+001;1.975990e+002;4.304634e+002;4.247249e+002;3.411000e+002;4.712196e+002;6.302993e+002;4.604557e+002;1.816168e+002;2.125313e+002;2.887234e+002;1.120134e+002;6.581947e+001;6.763569e+001;7.734769e+001;8.860439e+001
1.046495e+000;1.394000e+001;3.614581e+001;9.362519e+001;2.464420e+002;1.511745e+002;5.863541e+001;7.547842e+001;8.448665e+001;8.853675e+001;6.826804e+001;1.405048e+002;2.638382e+002;3.251164e+002;3.687067e+002;5.352923e+002;5.742628e+002;3.704289e+002;1.816112e+002;1.996945e+002;2.894666e+002;8.442408e+001;6.121235e+001;8.148830e+001;8.861578e+001;7.320505e+001
1.018935e+000;1.181802e+001;2.713196e+001;6.141214e+001;1.404337e+002;8.250964e+001;4.949363e+001;4.119731e+001;4.545829e+001;5.551311e+001;6.140302e+001;8.099290e+001;1.315464e+002;1.994704e+002;2.033767e+002;3.516074e+002;3.097226e+002;1.803195e+002;1.266738e+002;1.352024e+002;1.664310e+002;4.067750e+001;3.359524e+001;4.915235e+001;5.330794e+001;3.810743e+001
1.088260e+000;7.827835e+000;1.653172e+001;1.991143e+001;4.882743e+001;2.897864e+001;1.361572e+001;1.688713e+001;1.947243e+001;2.273293e+001;2.573531e+001;3.622571e+001;7.270023e+001;9.481721e+001;6.856799e+001;1.128851e+002;1.097690e+002;7.089610e+001;4.929212e+001;6.512929e+001;8.081556e+001;2.611048e+001;2.297813e+001;2.216676e+001;2.016211e+001;1.721717e+001
7.574929e-001;6.132483e+000;1.346250e+001;1.513708e+001;2.958931e+001;1.267147e+001;9.046268e+000;9.054655e+000;1.113521e+001;1.214191e+001;1.622213e+001;3.119026e+001;4.722873e+001;4.685999e+001;3.332119e+001;6.197385e+001;6.171312e+001;2.678253e+001;1.930003e+001;4.153251e+001;3.384129e+001;1.717661e+001;1.545727e+001;1.725273e+001;1.756044e+001;1.342994e+001
7.846190e-001;5.441124e+000;1.216660e+001;1.726030e+001;4.220668e+001;2.386155e+001;9.107152e+000;8.977868e+000;1.007736e+001;9.662675e+000;1.157431e+001;3.088458e+001;4.205263e+001;2.902272e+001;2.930130e+001;3.254390e+001;3.472952e+001;2.926790e+001;1.650788e+001;3.098861e+001;2.645427e+001;1.498038e+001;1.973177e+001;2.064772e+001;1.659967e+001;1.477309e+001
7.232782e-001;5.230958e+000;1.165820e+001;1.621443e+001;4.065919e+001;2.319316e+001;1.053474e+001;6.762469e+000;7.038510e+000;5.547263e+000;1.310235e+001;2.650865e+001;3.806447e+001;2.435880e+001;2.076282e+001;3.579675e+001;3.654882e+001;2.703759e+001;1.648817e+001;5.093120e+001;3.386671e+001;1.202367e+001;1.590338e+001;1.848148e+001;1.836671e+001;1.636643e+001
9.024995e-001;4.929694e+000;1.154542e+001;1.185306e+001;2.718093e+001;1.445324e+001;8.052057e+000;7.344092e+000;8.620160e+000;1.068705e+001;1.422899e+001;2.445590e+001;2.940469e+001;2.302977e+001;2.012111e+001;3.259455e+001;3.684069e+001;2.640427e+001;1.549097e+001;3.916224e+001;2.629386e+001;1.546186e+001;1.836429e+001;2.106024e+001;1.757383e+001;1.435143e+001
7.406473e-001;4.311889e+000;1.168415e+001;8.266066e+000;1.767591e+001;1.040133e+001;7.650436e+000;8.048899e+000;7.011685e+000;8.063028e+000;1.208230e+001;1.544118e+001;2.344202e+001;1.923969e+001;2.119343e+001;3.044393e+001;3.010663e+001;2.555333e+001;1.272362e+001;3.815388e+001;2.648263e+001;1.670822e+001;2.378517e+001;2.535314e+001;2.489396e+001;1.848118e+001
6.757300e-001;3.354064e+000;1.152903e+001;9.695601e+000;1.681386e+001;1.043000e+001;6.252864e+000;6.030229e+000;6.339879e+000;7.793540e+000;9.578265e+000;1.830084e+001;2.151945e+001;1.808151e+001;1.598313e+001;2.314242e+001;2.069640e+001;1.933511e+001;1.468444e+001;4.834854e+001;3.202139e+001;1.729640e+001;1.773721e+001;2.164738e+001;1.926870e+001;1.668194e+001
5.529934e-001;2.338759e+000;8.473518e+000;9.756267e+000;1.951356e+001;1.141835e+001;1.130738e+001;1.213259e+001;1.398145e+001;1.876454e+001;2.317358e+001;2.775677e+001;2.584316e+001;2.034786e+001;1.570824e+001;2.510686e+001;3.170848e+001;2.321246e+001;2.221107e+001;3.767759e+001;3.276581e+001;1.849993e+001;2.113361e+001;2.328808e+001;1.767785e+001;1.719070e+001
9.346248e-001;4.324464e+000;1.132185e+001;2.320135e+001;3.199538e+001;3.092727e+001;4.397705e+001;6.085260e+001;6.949792e+001;8.863106e+001;9.177927e+001;1.767469e+002;1.740407e+002;1.238104e+002;6.199438e+001;1.346353e+002;9.196561e+001;8.882691e+001;9.798040e+001;1.613844e+002;1.890900e+002;8.052431e+001;7.246772e+001;7.919096e+001;5.735562e+001;5.484650e+001
1.946549e+000;1.081044e+001;3.009068e+001;4.020065e+001;1.368809e+002;1.416988e+002;1.095220e+002;7.448299e+001;8.656212e+001;1.136365e+002;1.737182e+002;2.366734e+002;1.839975e+002;1.027268e+002;9.541585e+001;2.174265e+002;2.805183e+002;1.251110e+002;1.631454e+002;2.388639e+002;1.764702e+002;1.270272e+002;9.937260e+001;1.371649e+002;1.407610e+002;1.104797e+002
1.170400e+000;1.460929e+001;3.296561e+001;6.424463e+001;1.750032e+002;2.171329e+002;2.838282e+002;1.250533e+002;1.409482e+002;2.045969e+002;2.886816e+002;2.801105e+002;1.644176e+002;1.259885e+002;1.177624e+002;2.509510e+002;3.980624e+002;2.278409e+002;3.207636e+002;3.737082e+002;7.910723e+001;1.328227e+002;1.611370e+002;1.694800e+002;2.209258e+002;1.701423e+002
1.494818e+000;1.750850e+001;3.106701e+001;7.322478e+001;1.120519e+002;3.235326e+002;3.941980e+002;2.633055e+002;2.840850e+002;3.887784e+002;3.785244e+002;2.876617e+002;1.736709e+002;1.264859e+002;1.263287e+002;2.680727e+002;3.515156e+002;2.199418e+002;4.418221e+002;4.329573e+002;7.069140e+001;1.311933e+002;2.154577e+002;2.622134e+002;2.405871e+002;1.555927e+002
2.546180e+000;1.805689e+001;2.702901e+001;7.199808e+001;1.128070e+002;2.911585e+002;3.615252e+002;3.582889e+002;2.913492e+002;4.140366e+002;4.048997e+002;2.195501e+002;1.448082e+002;9.624397e+001;1.267233e+002;3.134260e+002;3.757240e+002;2.062586e+002;5.064179e+002;5.648792e+002;1.061299e+002;1.037691e+002;2.035241e+002;3.574405e+002;4.087349e+002;8.869446e+001
3.047644e+000;1.660292e+001;2.675517e+001;6.328828e+001;1.229618e+002;2.210984e+002;4.739015e+002;3.377348e+002;2.990622e+002;5.886470e+002;4.524900e+002;2.006785e+002;1.251945e+002;1.020068e+002;1.194317e+002;3.401255e+002;4.626426e+002;2.037029e+002;3.849818e+002;4.385562e+002;1.371037e+002;1.039321e+002;1.838954e+002;3.355647e+002;4.217448e+002;8.748103e+001
3.000687e+000;1.463462e+001;2.892825e+001;5.760066e+001;1.192746e+002;2.446581e+002;3.591538e+002;3.486259e+002;3.764623e+002;5.415701e+002;3.107086e+002;1.679499e+002;9.429774e+001;7.218378e+001;8.062620e+001;2.497865e+002;3.307617e+002;1.514213e+002;2.925999e+002;3.047674e+002;8.939430e+001;1.115764e+002;1.768315e+002;4.024450e+002;4.469644e+002;8.310109e+001
3.019152e+000;1.332690e+001;2.952420e+001;5.347349e+001;1.104050e+002;2.202141e+002;3.203581e+002;3.294286e+002;3.314321e+002;3.266653e+002;1.878310e+002;1.015954e+002;6.344193e+001;5.174600e+001;6.070434e+001;1.774329e+002;2.187362e+002;1.233840e+002;2.248778e+002;1.993159e+002;6.023228e+001;9.945200e+001;1.253124e+002;2.995837e+002;3.110821e+002;7.875136e+001
3.160268e+000;1.129917e+001;2.861736e+001;5.345247e+001;1.030283e+002;1.928150e+002;3.362962e+002;2.680141e+002;2.674624e+002;2.617554e+002;1.085529e+002;7.783353e+001;4.437965e+001;4.515625e+001;5.205053e+001;1.222203e+002;1.350238e+002;9.223559e+001;1.559000e+002;1.398018e+002;5.493345e+001;8.838434e+001;1.046733e+002;2.573239e+002;2.434020e+002;5.382916e+001
2.774900e+000;9.972272e+000;2.739782e+001;5.056175e+001;9.884741e+001;2.080035e+002;3.442880e+002;2.068278e+002;3.241241e+002;2.940345e+002;9.746382e+001;6.437300e+001;4.393894e+001;4.574870e+001;5.251650e+001;1.293645e+002;1.379128e+002;8.911627e+001;1.337105e+002;1.053065e+002;5.295076e+001;7.820580e+001;8.696545e+001;2.462535e+002;2.350536e+002;7.525133e+001
2.910451e+000;1.010219e+001;2.697129e+001;4.983067e+001;9.742098e+001;2.294706e+002;3.327000e+002;2.097519e+002;3.391101e+002;2.811864e+002;7.511835e+001;5.288988e+001;3.532803e+001;3.891789e+001;4.626942e+001;1.330295e+002;1.400728e+002;8.980489e+001;1.209827e+002;9.276360e+001;4.262411e+001;6.643351e+001;8.216603e+001;2.597227e+002;2.287744e+002;4.515490e+001
2.972225e+000;9.997080e+000;2.721821e+001;5.263059e+001;1.027615e+002;2.212849e+002;3.134164e+002;2.002271e+002;2.718203e+002;2.017727e+002;7.300090e+001;4.639878e+001;3.075467e+001;3.084189e+001;4.036568e+001;1.126108e+002;1.351895e+002;7.734007e+001;1.059820e+002;7.314425e+001;3.514243e+001;5.416594e+001;7.297424e+001;2.349103e+002;1.993910e+002;2.674540e+001
2.658593e+000;9.721939e+000;2.802847e+001;5.187724e+001;1.058415e+002;2.053413e+002;2.861882e+002;1.914611e+002;2.410148e+002;1.360253e+002;7.187913e+001;4.686408e+001;3.244352e+001;3.056349e+001;3.457854e+001;9.903355e+001;1.365820e+002;7.494677e+001;1.305080e+002;1.071992e+002;4.719979e+001;6.266802e+001;6.917995e+001;1.950417e+002;1.642130e+002;2.476233e+001
2.923489e+000;1.018350e+001;2.864103e+001;5.274817e+001;1.059706e+002;1.953801e+002;2.696873e+002;2.044675e+002;2.500978e+002;1.231421e+002;8.264341e+001;5.371275e+001;3.560262e+001;3.273927e+001;3.657677e+001;9.849905e+001;1.532027e+002;8.255828e+001;1.487478e+002;1.201451e+002;4.967241e+001;7.985176e+001;8.151582e+001;1.987434e+002;1.630908e+002;3.533374e+001
2.836447e+000;1.019559e+001;2.870485e+001;5.188366e+001;1.034601e+002;1.952546e+002;2.784725e+002;2.161853e+002;2.656663e+002;1.410565e+002;9.186890e+001;5.470138e+001;3.677036e+001;3.321763e+001;3.970188e+001;9.028397e+001;1.403878e+002;9.937330e+001;1.719153e+002;1.164305e+002;5.118796e+001;7.155426e+001;8.925724e+001;2.273246e+002;1.884803e+002;4.195649e+001
3.323121e+000;1.136605e+001;2.903268e+001;5.248307e+001;9.988293e+001;1.923408e+002;2.944224e+002;2.328560e+002;2.793404e+002;1.702156e+002;9.800074e+001;5.918918e+001;4.075354e+001;3.775077e+001;3.934699e+001;9.216839e+001;1.440436e+002;1.101895e+002;2.169844e+002;1.519028e+002;5.313697e+001;8.224441e+001;1.000174e+002;2.755596e+002;2.327235e+002;5.123262e+001
3.090102e+000;1.192076e+001;2.911838e+001;5.193598e+001;9.548093e+001;1.829132e+002;3.275973e+002;2.623371e+002;2.562416e+002;2.016872e+002;1.231525e+002;6.794962e+001;4.860245e+001;4.077613e+001;4.680802e+001;9.522762e+001;1.706545e+002;1.327008e+002;2.196878e+002;1.678013e+002;6.175397e+001;9.622225e+001;1.290267e+002;2.663100e+002;2.217400e+002;5.903136e+001
3.135681e+000;1.274065e+001;2.890905e+001;5.188881e+001;9.469237e+001;1.748617e+002;3.672844e+002;3.248115e+002;2.363158e+002;2.461975e+002;1.584742e+002;7.817017e+001;5.466884e+001;4.384977e+001;5.650697e+001;1.132966e+002;2.063251e+002;1.700637e+002;2.623460e+002;2.122871e+002;8.459315e+001;9.494364e+001;1.438768e+002;3.759851e+002;3.211076e+002;5.672400e+001
3.240175e+000;1.313414e+001;2.910272e+001;5.133475e+001;9.744859e+001;1.627811e+002;4.047260e+002;3.912684e+002;2.117529e+002;3.378815e+002;2.379740e+002;7.803732e+001;7.003529e+001;5.539752e+001;7.092247e+001;1.318955e+002;2.766570e+002;1.981047e+002;2.794575e+002;2.710972e+002;1.053805e+002;1.198587e+002;1.819483e+002;3.953452e+002;3.450639e+002;4.334858e+001
2.922241e+000;1.326803e+001;2.850051e+001;5.045960e+001;9.710067e+001;1.421431e+002;4.149372e+002;4.468688e+002;2.373308e+002;4.499832e+002;3.768315e+002;9.883315e+001;8.416696e+001;6.921997e+001;8.194151e+001;1.447691e+002;3.246100e+002;2.480937e+002;3.432131e+002;3.722961e+002;1.408546e+002;1.558127e+002;2.408854e+002;4.354869e+002;3.818814e+002;4.958400e+001
3.342882e+000;1.411215e+001;2.759336e+001;5.106988e+001;9.480376e+001;1.304022e+002;3.967913e+002;4.672967e+002;2.606914e+002;5.603029e+002;5.252141e+002;1.450102e+002;1.061182e+002;8.740863e+001;8.956404e+001;1.486927e+002;3.532742e+002;2.946956e+002;3.532767e+002;4.279593e+002;1.448035e+002;1.514457e+002;2.628678e+002;4.835629e+002;4.340978e+002;5.692703e+001
3.044534e+000;1.384080e+001;2.663753e+001;4.805923e+001;8.916096e+001;1.187516e+002;3.695929e+002;4.663524e+002;2.742637e+002;5.510054e+002;5.677239e+002;2.191459e+002;1.244746e+002;1.013360e+002;9.645122e+001;1.469409e+002;3.515466e+002;2.915776e+002;3.633122e+002;4.887350e+002;1.954592e+002;1.474105e+002;2.735457e+002;4.935268e+002;4.435576e+002;5.014071e+001
3.107765e+000;1.341995e+001;2.587006e+001;4.608401e+001;8.543253e+001;1.097766e+002;3.302649e+002;4.325615e+002;2.944069e+002;4.667880e+002;5.082263e+002;2.803317e+002;1.192830e+002;9.623702e+001;9.441506e+001;1.552744e+002;3.750528e+002;3.024860e+002;3.587210e+002;5.199714e+002;2.386132e+002;1.439736e+002;2.731769e+002;4.447715e+002;4.129041e+002;5.320086e+001
3.210325e+000;1.322355e+001;2.554464e+001;4.597223e+001;8.298860e+001;1.045754e+002;2.936559e+002;3.790893e+002;3.148327e+002;3.801148e+002;4.745522e+002;3.169125e+002;1.031977e+002;9.506761e+001;9.825854e+001;1.705743e+002;3.965173e+002;3.102803e+002;3.447865e+002;5.194199e+002;2.639686e+002;1.515374e+002;2.741696e+002;4.229408e+002;4.133761e+002;5.987381e+001
2.784858e+000;1.275375e+001;2.531420e+001;4.451488e+001;8.101188e+001;1.018672e+002;2.767148e+002;3.679227e+002;3.351030e+002;3.122049e+002;5.278417e+002;3.595824e+002;1.270989e+002;1.036128e+002;1.052840e+002;1.808174e+002;3.823055e+002;3.228373e+002;3.225359e+002;4.801286e+002;2.527655e+002;1.362223e+002;2.727888e+002;4.045100e+002;4.023498e+002;5.537056e+001
2.904216e+000;1.286957e+001;2.471489e+001;4.266410e+001;7.790576e+001;1.033234e+002;2.623899e+002;3.607629e+002;3.422620e+002;2.690080e+002;5.261858e+002;3.451110e+002;1.208302e+002;1.084546e+002;1.030326e+002;1.741040e+002;3.513698e+002;2.710042e+002;2.800043e+002;4.611060e+002;2.683716e+002;1.191664e+002;2.271259e+002;3.206262e+002;3.183148e+002;5.682729e+001
2.671170e+000;1.199289e+001;2.468235e+001;4.121977e+001;7.476907e+001;1.028813e+002;2.462166e+002;3.539733e+002;3.327574e+002;2.242163e+002;4.516389e+002;3.118396e+002;1.245954e+002;1.044166e+002;1.017545e+002;1.849348e+002;3.454682e+002;2.516013e+002;2.441632e+002;3.967922e+002;2.414230e+002;1.181083e+002;2.152422e+002;2.657792e+002;2.694772e+002;5.309111e+001
2.931529e+000;1.162769e+001;2.414314e+001;4.005977e+001;6.950919e+001;9.908641e+001;2.218457e+002;3.664383e+002;3.171405e+002;2.021219e+002;3.603383e+002;3.280729e+002;1.164966e+002;1.036094e+002;1.036341e+002;1.861285e+002;3.349547e+002;2.166476e+002;2.165438e+002;3.324943e+002;2.391307e+002;1.385802e+002;1.862800e+002;2.062594e+002;2.041479e+002;4.278721e+001
2.888162e+000;1.173773e+001;2.546020e+001;4.098514e+001;6.636401e+001;9.882716e+001;2.102902e+002;3.665665e+002;2.876418e+002;1.921323e+002;3.639240e+002;3.687431e+002;1.189371e+002;1.050683e+002;1.084974e+002;1.923493e+002;3.288908e+002;2.036461e+002;2.089990e+002;3.389323e+002;2.504926e+002;1.338453e+002;1.482551e+002;1.835589e+002;1.967092e+002;4.417128e+001
3.308433e+000;1.256292e+001;2.629345e+001;4.093876e+001;6.444995e+001;9.732671e+001;1.984991e+002;3.131726e+002;2.395392e+002;1.940297e+002;3.626810e+002;3.699372e+002;1.362485e+002;1.089653e+002;1.161239e+002;1.806517e+002;3.232990e+002;2.204037e+002;2.367410e+002;3.559057e+002;2.497250e+002;1.193368e+002;1.463095e+002;1.793204e+002;1.804765e+002;3.916304e+001
3.258783e+000;1.404472e+001;2.737930e+001;4.470871e+001;6.660950e+001;8.737608e+001;1.893929e+002;2.412460e+002;2.046104e+002;2.000628e+002;3.332806e+002;3.608645e+002;1.641011e+002;1.239138e+002;1.325699e+002;2.025923e+002;3.819259e+002;2.427818e+002;2.594015e+002;3.598476e+002;2.307003e+002;1.202750e+002;1.585457e+002;1.680883e+002;1.458971e+002;4.814854e+001
3.595153e+000;1.645436e+001;2.607042e+001;4.495614e+001;5.998930e+001;8.867163e+001;1.679733e+002;2.107263e+002;2.047085e+002;1.760637e+002;2.991995e+002;3.802923e+002;1.675123e+002;1.411493e+002;1.428826e+002;2.182132e+002;3.904648e+002;2.729173e+002;2.672020e+002;3.652471e+002;2.422179e+002;1.423043e+002;1.668161e+002;1.653941e+002;1.533407e+002;7.848283e+001
3.612843e+000;1.936221e+001;2.331011e+001;3.411979e+001;5.356538e+001;7.723915e+001;1.303434e+002;1.655947e+002;1.594356e+002;1.429001e+002;2.323841e+002;2.757272e+002;1.501197e+002;1.149387e+002;1.113207e+002;1.587266e+002;2.569642e+002;1.871342e+002;1.527396e+002;2.017593e+002;1.914564e+002;1.433942e+002;1.152878e+002;9.610893e+001;8.584845e+001;6.171755e+001
3.834965e+000;2.256634e+001;2.601540e+001;3.317514e+001;4.707496e+001;7.381497e+001;1.113755e+002;1.440165e+002;1.243132e+002;1.249842e+002;1.929857e+002;2.416497e+002;1.460637e+002;9.068272e+001;6.477925e+001;8.716674e+001;1.292134e+002;1.288148e+002;1.291592e+002;1.685425e+002;1.948440e+002;1.485685e+002;1.109756e+002;8.211958e+001;7.545910e+001;6.008201e+001
3.489830e+000;2.394965e+001;2.919702e+001;2.993400e+001;3.666110e+001;6.203772e+001;1.030997e+002;1.071122e+002;8.441734e+001;8.779890e+001;1.085989e+002;1.458255e+002;1.019674e+002;5.693968e+001;4.730957e+001;6.484967e+001;1.325966e+002;1.396933e+002;9.764709e+001;1.236819e+002;1.795881e+002;1.448924e+002;1.069572e+002;7.976563e+001;5.576291e+001;4.675204e+001
2.897596e+000;2.420574e+001;3.298443e+001;2.560336e+001;2.481546e+001;3.473930e+001;7.221244e+001;7.025047e+001;4.762902e+001;3.570940e+001;3.994765e+001;7.567127e+001;7.896690e+001;4.579237e+001;2.817602e+001;2.771161e+001;5.757618e+001;9.909668e+001;6.698624e+001;8.131371e+001;1.361447e+002;1.114767e+002;8.064709e+001;7.413342e+001;5.604317e+001;3.571780e+001
2.412762e+000;2.148362e+001;3.018043e+001;1.805259e+001;1.750566e+001;1.849927e+001;2.100284e+001;2.226526e+001;2.514086e+001;2.971607e+001;3.619257e+001;5.781908e+001;7.096246e+001;3.817848e+001;2.947587e+001;3.221591e+001;5.434358e+001;1.206821e+002;6.988741e+001;6.893281e+001;7.299397e+001;5.993088e+001;4.792748e+001;6.491599e+001;5.762029e+001;4.000095e+001
3.194181e+000;1.629458e+001;1.975228e+001;9.035152e+000;9.341571e+000;1.079949e+001;1.850745e+001;3.434039e+001;2.791477e+001;3.383071e+001;5.481921e+001;9.175246e+001;7.040337e+001;4.468538e+001;2.951943e+001;3.946328e+001;5.193171e+001;1.058950e+002;6.744629e+001;5.642896e+001;7.696991e+001;6.113817e+001;3.115943e+001;4.839673e+001;4.822518e+001;2.932463e+001
4.538183e+000;1.165138e+001;1.220654e+001;1.051410e+001;1.235312e+001;1.651267e+001;1.966726e+001;2.399467e+001;2.702711e+001;4.198570e+001;5.629870e+001;7.371556e+001;6.817988e+001;3.988229e+001;3.102571e+001;4.108504e+001;4.568992e+001;4.713046e+001;4.837858e+001;8.578840e+001;1.021022e+002;7.568159e+001;3.489647e+001;4.273966e+001;3.868880e+001;2.588457e+001
6.399799e+000;1.730851e+001;1.806470e+001;1.380351e+001;1.405437e+001;1.605204e+001;2.315699e+001;2.014467e+001;3.512672e+001;4.093936e+001;6.439939e+001;9.372361e+001;7.933360e+001;4.044559e+001;3.582751e+001;2.913856e+001;3.774205e+001;4.860556e+001;4.671882e+001;6.662325e+001;1.433034e+002;1.092866e+002;3.414138e+001;3.768032e+001;4.177242e+001;2.518757e+001
5.092348e+000;1.630446e+001;1.484418e+001;1.097087e+001;8.907264e+000;1.216888e+001;1.823989e+001;2.748593e+001;3.961405e+001;3.725105e+001;6.866920e+001;8.562284e+001;5.577405e+001;3.763099e+001;3.355394e+001;3.183743e+001;4.002861e+001;4.582399e+001;3.505307e+001;5.531567e+001;1.615505e+002;1.252454e+002;3.404446e+001;3.734059e+001;3.896693e+001;2.667850e+001
4.658719e+000;6.478546e+000;8.933330e+000;1.098995e+001;9.641032e+000;1.829855e+001;1.872464e+001;2.324519e+001;2.237855e+001;3.185425e+001;5.202559e+001;6.262940e+001;4.548849e+001;4.069188e+001;2.784960e+001;3.222153e+001;3.852795e+001;3.159536e+001;3.326392e+001;4.691670e+001;1.070498e+002;8.081536e+001;3.403250e+001;3.136840e+001;3.284880e+001;2.702134e+001
2.277765e+000;3.244364e+000;6.792915e+000;9.817144e+000;1.073178e+001;1.542262e+001;1.756639e+001;2.624713e+001;2.114969e+001;2.848015e+001;5.061620e+001;6.650453e+001;4.677422e+001;3.299170e+001;2.182353e+001;2.503691e+001;2.526107e+001;2.458285e+001;2.790458e+001;4.870293e+001;9.230529e+001;7.211023e+001;3.153901e+001;3.156356e+001;2.610991e+001;2.082232e+001
2.393887e+000;4.782938e+000;3.875948e+000;6.772943e+000;7.487957e+000;1.211496e+001;1.205119e+001;1.794518e+001;2.121649e+001;2.409527e+001;4.384349e+001;8.020712e+001;5.712736e+001;2.838441e+001;2.273809e+001;2.113942e+001;2.195621e+001;2.189672e+001;2.126844e+001;4.088496e+001;9.473982e+001;7.667466e+001;2.892251e+001;2.878649e+001;2.226074e+001;2.012520e+001
1.788853e+000;3.859952e+000;5.219730e+000;4.742983e+000;7.049920e+000;1.674826e+001;1.655908e+001;1.296907e+001;1.345030e+001;1.896563e+001;3.626963e+001;4.819260e+001;3.888063e+001;2.258669e+001;1.752169e+001;1.419438e+001;1.929741e+001;1.903224e+001;2.094988e+001;2.747383e+001;4.638216e+001;4.169474e+001;2.497886e+001;2.560511e+001;2.264165e+001;1.635053e+001
3.348951e+000;6.216190e+000;6.004034e+000;7.396382e+000;8.382276e+000;1.301293e+001;1.636712e+001;1.587968e+001;1.211712e+001;1.505599e+001;3.312865e+001;3.914252e+001;3.802834e+001;2.565459e+001;2.202260e+001;1.545448e+001;2.427555e+001;2.543387e+001;1.883201e+001;2.266698e+001;5.668999e+001;4.581790e+001;2.234068e+001;2.668305e+001;2.240918e+001;1.604175e+001
1.500524e+000;3.648504e+000;4.066876e+000;5.999205e+000;9.075345e+000;9.998881e+000;1.299798e+001;1.073251e+001;1.423977e+001;1.768825e+001;2.635155e+001;4.988189e+001;4.675675e+001;2.201492e+001;1.824711e+001;2.133569e+001;1.997470e+001;2.018915e+001;2.051863e+001;1.961980e+001;9.471439e+001;7.248724e+001;2.605818e+001;2.684668e+001;2.319818e+001;1.744684e+001
3.350759e+000;6.892004e+000;7.031899e+000;6.365901e+000;6.918645e+000;8.100186e+000;1.250609e+001;1.384714e+001;1.399625e+001;2.086021e+001;4.210167e+001;4.434749e+001;4.354443e+001;2.414994e+001;2.129119e+001;1.989367e+001;1.976601e+001;2.047181e+001;2.507902e+001;2.670965e+001;7.085825e+001;5.419086e+001;2.345183e+001;3.159192e+001;2.791707e+001;1.750315e+001
2.967794e+000;8.268025e+000;8.402803e+000;7.010602e+000;6.035605e+000;9.939251e+000;1.485771e+001;1.415426e+001;1.985015e+001;2.485047e+001;3.963296e+001;4.427073e+001;4.155816e+001;3.756389e+001;2.809570e+001;2.863334e+001;2.349858e+001;2.411878e+001;2.501007e+001;2.998706e+001;6.043546e+001;4.671123e+001;2.511586e+001;3.543522e+001;2.984080e+001;1.971716e+001
1.799976e+000;4.959259e+000;6.295077e+000;5.831373e+000;7.319285e+000;9.594357e+000;1.927455e+001;1.568296e+001;1.790088e+001;3.137800e+001;3.473791e+001;5.724636e+001;7.307370e+001;5.385691e+001;3.758248e+001;3.265286e+001;2.523223e+001;2.559666e+001;2.750115e+001;3.508391e+001;7.441566e+001;5.522904e+001;2.395142e+001;4.726986e+001;4.536468e+001;2.101015e+001
3.092365e+000;9.425282e+000;9.777107e+000;1.241612e+001;1.247024e+001;1.877212e+001;1.940568e+001;1.994702e+001;1.828613e+001;2.384779e+001;5.586132e+001;6.678531e+001;6.159695e+001;5.289848e+001;4.380285e+001;3.039215e+001;2.563389e+001;3.429417e+001;3.005266e+001;4.032279e+001;8.320922e+001;6.608499e+001;4.250603e+001;5.684803e+001;5.571918e+001;3.307067e+001
3.622142e+000;1.015950e+001;8.493705e+000;1.245849e+001;1.414441e+001;2.134126e+001;1.973169e+001;2.766909e+001;2.440172e+001;3.094903e+001;4.213887e+001;6.228041e+001;1.062092e+002;8.669964e+001;4.166568e+001;4.066106e+001;3.966158e+001;4.612616e+001;4.290705e+001;5.540706e+001;7.994131e+001;6.819013e+001;5.009633e+001;6.443600e+001;5.816443e+001;3.728951e+001
3.650823e+000;1.276378e+001;2.000639e+001;2.391682e+001;2.643155e+001;2.160202e+001;2.175412e+001;2.439454e+001;2.628303e+001;2.927909e+001;4.821601e+001;8.588323e+001;1.222080e+002;7.340812e+001;5.942826e+001;5.028252e+001;4.910843e+001;5.412132e+001;4.443479e+001;5.372939e+001;9.506572e+001;9.002445e+001;8.212502e+001;6.730075e+001;6.936194e+001;5.304477e+001
7.343240e+000;2.375301e+001;3.495771e+001;2.213404e+001;2.050407e+001;2.401852e+001;2.815794e+001;2.584789e+001;3.354081e+001;3.850009e+001;5.632423e+001;1.102073e+002;1.351478e+002;1.010174e+002;6.449988e+001;5.542101e+001;7.979071e+001;7.245930e+001;5.089505e+001;7.705926e+001;1.087120e+002;9.234020e+001;8.752239e+001;1.168879e+002;9.994814e+001;7.459534e+001
6.272262e+000;1.306339e+001;2.190835e+001;2.919719e+001;2.607011e+001;2.531626e+001;2.457530e+001;4.124424e+001;3.762379e+001;3.576772e+001;5.782989e+001;1.011307e+002;1.383387e+002;9.615337e+001;7.379603e+001;7.489251e+001;9.992474e+001;1.039672e+002;5.076183e+001;7.245966e+001;1.274614e+002;9.969391e+001;1.035030e+002;1.674498e+002;1.176222e+002;8.962590e+001
1.048776e+001;2.635153e+001;3.824688e+001;5.482563e+001;3.137374e+001;2.559766e+001;2.373370e+001;3.163043e+001;3.431474e+001;4.481802e+001;6.774993e+001;1.407370e+002;1.467341e+002;1.302765e+002;9.459019e+001;1.185191e+002;1.168419e+002;1.188225e+002;7.647908e+001;8.526654e+001;1.078397e+002;8.539715e+001;1.268779e+002;1.888289e+002;1.328704e+002;9.414355e+001
1.060092e+001;3.444183e+001;5.071946e+001;4.701750e+001;3.996076e+001;3.886731e+001;3.693948e+001;4.759441e+001;3.755304e+001;4.057103e+001;5.737289e+001;1.165348e+002;1.947744e+002;1.958556e+002;8.677071e+001;9.460320e+001;8.921871e+001;8.521858e+001;7.801344e+001;1.114042e+002;1.345598e+002;1.052013e+002;1.418414e+002;1.859920e+002;1.510196e+002;1.125070e+002
1.916273e+001;4.712185e+001;4.539106e+001;5.114105e+001;4.638705e+001;5.060665e+001;4.126502e+001;4.053452e+001;3.092201e+001;4.449099e+001;8.973602e+001;1.141173e+002;1.185350e+002;1.245897e+002;9.633534e+001;8.613368e+001;1.023452e+002;1.331153e+002;9.679739e+001;1.063866e+002;1.502481e+002;1.152357e+002;1.447583e+002;1.604341e+002;1.294094e+002;8.867781e+001
1.460633e+001;5.674977e+001;7.906876e+001;6.312405e+001;5.356813e+001;4.560648e+001;4.360038e+001;3.588382e+001;3.229824e+001;5.000248e+001;6.924400e+001;1.126502e+002;2.109978e+002;1.991392e+002;1.075892e+002;9.546714e+001;1.200612e+002;1.280382e+002;8.518032e+001;1.068468e+002;1.338361e+002;1.162228e+002;1.628770e+002;1.610707e+002;1.254515e+002;9.051529e+001
1.351459e+001;4.094992e+001;5.888731e+001;4.453431e+001;5.003775e+001;4.540783e+001;5.033809e+001;5.100187e+001;4.699268e+001;5.869678e+001;4.509552e+001;1.021003e+002;2.270745e+002;2.286740e+002;1.192655e+002;1.012140e+002;1.128787e+002;9.805558e+001;8.485859e+001;1.068346e+002;1.429160e+002;1.190025e+002;1.258757e+002;1.406595e+002;1.188677e+002;8.274590e+001
1.298567e+001;4.276207e+001;6.208271e+001;7.055600e+001;5.477739e+001;5.726755e+001;5.107011e+001;3.737298e+001;3.947294e+001;4.715865e+001;5.353186e+001;7.613486e+001;1.603366e+002;1.509870e+002;1.160350e+002;1.148761e+002;9.716869e+001;8.176546e+001;8.206267e+001;9.158611e+001;1.766263e+002;1.191305e+002;1.115066e+002;1.247234e+002;1.181456e+002;8.931499e+001
7.907360e+000;2.553627e+001;6.663109e+001;7.062084e+001;4.606410e+001;6.571175e+001;5.569726e+001;4.879997e+001;3.790518e+001;4.214666e+001;5.463207e+001;6.797990e+001;1.655940e+002;1.588831e+002;8.153825e+001;8.366192e+001;9.070984e+001;9.684405e+001;7.490701e+001;1.032216e+002;1.193700e+002;8.191406e+001;9.930808e+001;1.195177e+002;1.090948e+002;6.895579e+001
8.145436e+000;2.050910e+001;2.878148e+001;5.594133e+001;5.983719e+001;4.693824e+001;4.108042e+001;4.066311e+001;3.372333e+001;4.230279e+001;4.340144e+001;5.472092e+001;1.197440e+002;1.548445e+002;7.358824e+001;7.627187e+001;7.888610e+001;9.013374e+001;6.074292e+001;9.033298e+001;1.222405e+002;9.178101e+001;9.373172e+001;1.340836e+002;1.127109e+002;7.224316e+001
7.221368e+000;1.886613e+001;1.930758e+001;2.781659e+001;3.082581e+001;2.608760e+001;2.534943e+001;2.809945e+001;3.349248e+001;2.008477e+001;3.020534e+001;4.720142e+001;7.748273e+001;8.417588e+001;5.201437e+001;7.176762e+001;6.804517e+001;7.621023e+001;4.303628e+001;6.225246e+001;9.406181e+001;5.960716e+001;7.120007e+001;1.168229e+002;9.516033e+001;5.463196e+001
9.648720e+000;1.650625e+001;9.396022e+000;1.534472e+001;1.886230e+001;1.785810e+001;1.660687e+001;1.878335e+001;2.014603e+001;1.556002e+001;3.003949e+001;4.690925e+001;8.778902e+001;7.736368e+001;4.686162e+001;4.817585e+001;7.416125e+001;5.586078e+001;4.015354e+001;5.945103e+001;8.992756e+001;3.954562e+001;5.256702e+001;9.203265e+001;7.316477e+001;4.671238e+001
6.303270e+000;1.703214e+001;1.100084e+001;1.208444e+001;1.461128e+001;9.246368e+000;1.184066e+001;1.192816e+001;1.803343e+001;1.500129e+001;2.506061e+001;3.843725e+001;5.865328e+001;5.173815e+001;3.407423e+001;4.662738e+001;5.669976e+001;5.105016e+001;3.107689e+001;4.387600e+001;6.686320e+001;3.395430e+001;5.149742e+001;7.862671e+001;4.631721e+001;3.883842e+001
2.916642e+000;6.516316e+000;6.093213e+000;1.029706e+001;7.467908e+000;9.192456e+000;1.126164e+001;1.697114e+001;1.708354e+001;1.401477e+001;1.532050e+001;2.707918e+001;4.072654e+001;3.751815e+001;2.556316e+001;2.944607e+001;4.203489e+001;3.649008e+001;2.081237e+001;2.968999e+001;4.783049e+001;3.135975e+001;3.097595e+001;4.618866e+001;3.583945e+001;3.717032e+001
2.069527e+000;3.504442e+000;1.259458e+001;1.989522e+001;1.902234e+001;1.432457e+001;1.393408e+001;1.389544e+001;1.308292e+001;1.126217e+001;1.057143e+001;1.847688e+001;2.314520e+001;2.621933e+001;2.032608e+001;1.891729e+001;2.883308e+001;2.540383e+001;1.597975e+001;1.916113e+001;3.068517e+001;2.339123e+001;2.545341e+001;2.983930e+001;2.367936e+001;2.584669e+001
1.925767e+000;4.343804e+000;6.157022e+000;1.016151e+001;1.071773e+001;6.857197e+000;8.210495e+000;1.150031e+001;1.199058e+001;9.543123e+000;1.014376e+001;1.208780e+001;2.565144e+001;2.248738e+001;1.371949e+001;1.331003e+001;2.329641e+001;2.002760e+001;1.597227e+001;1.727801e+001;2.756187e+001;1.833168e+001;1.892560e+001;2.073692e+001;1.791931e+001;1.571063e+001
1.182918e+000;2.930316e+000;3.121092e+000;5.794802e+000;7.377545e+000;8.223093e+000;9.101051e+000;9.665528e+000;1.008073e+001;9.444217e+000;9.603488e+000;1.248573e+001;1.530787e+001;1.210230e+001;1.435941e+001;1.644680e+001;1.681663e+001;1.290851e+001;1.299380e+001;1.478210e+001;1.918524e+001;1.433132e+001;1.801314e+001;2.406095e+001;1.743450e+001;1.774395e+001
1.759045e+000;7.889011e+000;1.448307e+001;2.249230e+001;2.434769e+001;3.226688e+001;3.782108e+001;4.967431e+001;4.694849e+001;2.991793e+001;2.667344e+001;1.716337e+001;1.357771e+001;1.248510e+001;1.308441e+001;1.502607e+001;1.582495e+001;1.305709e+001;1.493516e+001;1.536916e+001;2.175297e+001;2.002681e+001;2.341464e+001;2.680136e+001;2.269250e+001;1.727868e+001
1.701289e+000;6.324785e+000;9.731682e+000;1.830194e+001;1.552748e+001;1.874186e+001;2.046458e+001;3.139687e+001;3.821338e+001;1.732989e+001;1.587988e+001;1.183948e+001;8.701408e+000;8.893021e+000;1.166951e+001;1.359484e+001;1.166895e+001;1.564331e+001;1.753628e+001;1.755490e+001;2.171679e+001;1.907022e+001;1.913087e+001;2.431867e+001;2.108896e+001;1.792000e+001
9.064729e-001;1.668430e+000;2.514879e+000;5.642658e+000;4.535939e+000;5.825143e+000;6.021461e+000;8.903850e+000;1.112068e+001;7.489583e+000;6.968758e+000;1.029306e+001;8.822272e+000;8.857962e+000;8.653896e+000;1.254115e+001;1.051271e+001;1.258912e+001;1.278637e+001;1.335578e+001;1.967046e+001;1.798217e+001;1.908772e+001;2.074805e+001;2.138893e+001;2.124886e+001
5.922209e-001;1.105265e+000;1.216212e+000;2.830193e+000;3.775453e+000;3.417599e+000;4.830295e+000;6.973985e+000;8.925081e+000;7.083601e+000;7.314234e+000;9.639826e+000;9.691373e+000;9.858275e+000;1.144399e+001;1.148895e+001;1.296807e+001;1.119811e+001;1.471237e+001;1.307260e+001;1.889654e+001;1.751308e+001;1.734385e+001;1.968065e+001;1.825990e+001;1.716880e+001
